Driver,Circuit,TrackLengthKm,NumCorners,IsStreetCircuit,isRookie,Team,QualifyingPosition,Last3Avg,Last5Avg,TeammateLast3Avg,TeammateLast5Avg,Average_Last_Season,Career_Average,DNFRate,LastYrTeamWCC,Position
Valtteri Bottas,Albert Park Grand Prix Circuit,5.278,14,1,0,Mercedes,2,5,3.8,2.666666667,2,5.222222222,5,0.157894737,1,1
Lewis Hamilton,Albert Park Grand Prix Circuit,5.278,14,1,0,Mercedes,1,2.666666667,2,5,3.8,2.833333333,2.789473684,0.052631579,1,2
Max Verstappen,Albert Park Grand Prix Circuit,5.278,14,1,0,Red Bull,4,1.666666667,2.6,11.66666667,13,6.666666667,6.473684211,0.210526316,3,3
Charles Leclerc,Albert Park Grand Prix Circuit,5.278,14,1,0,Ferrari,5,9.666666667,10.8,4,4.2,12.55555556,12.15789474,0.631578947,2,5
Nico Hulkenberg,Albert Park Grand Prix Circuit,5.278,14,1,0,Renault,13,10.33333333,12.4,12.33333333,9.4,11.05555556,10.84210526,0.578947368,4,7
Lance Stroll,Albert Park Grand Prix Circuit,5.278,14,1,0,Racing Point,16,14.66666667,15.2,12,10.6,14.44444444,14.15789474,0.789473684,10,9
Pierre Gasly,Albert Park Grand Prix Circuit,5.278,14,1,0,Red Bull,17,11.66666667,13,1.666666667,2.6,12.88888889,12.78947368,0.684210526,3,11
Lando Norris,Albert Park Grand Prix Circuit,5.278,14,1,1,McLaren,8,10,10,12.66666667,13,10,12,1,7,12
Sergio Perez,Albert Park Grand Prix Circuit,5.278,14,1,0,Racing Point,12,12,10.6,14.66666667,15.2,10.72222222,10.84210526,0.526315789,10,13
Alexander Albon,Albert Park Grand Prix Circuit,5.278,14,1,1,Toro Rosso,15,10,10,10,10,10,14,1,9,14
George Russell,Albert Park Grand Prix Circuit,5.278,14,1,1,Williams,19,10,10,10,10,10,16,1,10,16
Carlos Sainz,Albert Park Grand Prix Circuit,5.278,14,1,0,McLaren,18,12.66666667,13,10,10,10.61111111,11.10526316,0.578947368,7,20
Lewis Hamilton,Bahrain International Circuit,5.412,15,0,0,Mercedes,3,2.333333333,2.2,3.666666667,3.6,2.833333333,2.7,0.05,1,1
Valtteri Bottas,Bahrain International Circuit,5.412,15,0,0,Mercedes,4,3.666666667,3.6,2.333333333,2.2,5.222222222,4.85,0.15,1,2
Charles Leclerc,Bahrain International Circuit,5.412,15,0,0,Ferrari,1,6.333333333,10.4,4,4.4,12.55555556,11.7,0.6,2,3
Max Verstappen,Bahrain International Circuit,5.412,15,0,0,Red Bull,5,2,2.2,11.33333333,11.4,6.666666667,6.35,0.2,3,4
Lando Norris,Bahrain International Circuit,5.412,15,0,1,McLaren,10,10,12,17,13.6,10,9,0.5,7,6
Pierre Gasly,Bahrain International Circuit,5.412,15,0,0,Red Bull,13,11.33333333,11.4,2,2.2,12.88888889,12.55,0.65,3,8
Alexander Albon,Bahrain International Circuit,5.412,15,0,1,Toro Rosso,12,10,14,10,10,10,11.5,0.5,9,9
Sergio Perez,Bahrain International Circuit,5.412,15,0,0,Racing Point,14,13.66666667,11.2,13,14,10.72222222,10.8,0.5,10,10
Lance Stroll,Bahrain International Circuit,5.412,15,0,0,Racing Point,18,13,14,13.66666667,11.2,14.44444444,14.15,0.8,10,14
George Russell,Bahrain International Circuit,5.412,15,0,1,Williams,19,10,16,17,17,10,15.5,1,10,15
Nico Hulkenberg,Bahrain International Circuit,5.412,15,0,0,Renault,17,10.66666667,11.4,13.33333333,12,11.05555556,11.15,0.6,4,17
Carlos Sainz,Bahrain International Circuit,5.412,15,0,0,McLaren,7,17,13.6,12,12,10.61111111,11.5,0.6,7,19
Lewis Hamilton,Shanghai International Circuit,5.451,16,0,0,Mercedes,2,1.333333333,2.2,2.666666667,3.6,2.833333333,2.619047619,0.047619048,1,1
Valtteri Bottas,Shanghai International Circuit,5.451,16,0,0,Mercedes,1,2.666666667,3.6,1.333333333,2.2,5.222222222,4.714285714,0.142857143,1,2
Max Verstappen,Shanghai International Circuit,5.451,16,0,0,Red Bull,5,3,2.4,10.66666667,10.8,6.666666667,6.238095238,0.19047619,3,4
Charles Leclerc,Shanghai International Circuit,5.451,16,0,0,Ferrari,4,5,7.4,5,4.2,12.55555556,11.38095238,0.571428571,2,5
Pierre Gasly,Shanghai International Circuit,5.451,16,0,0,Red Bull,6,10.66666667,10.8,3,2.4,12.88888889,12.23809524,0.619047619,3,6
Sergio Perez,Shanghai International Circuit,5.451,16,0,0,Racing Point,12,11,11.8,13.66666667,13.4,10.72222222,10.66666667,0.523809524,10,8
Alexander Albon,Shanghai International Circuit,5.451,16,0,1,Toro Rosso,12,10,11.5,11,11,10,11,0.666666667,9,10
Lance Stroll,Shanghai International Circuit,5.451,16,0,0,Racing Point,16,13.66666667,13.4,11,11.8,14.44444444,14.04761905,0.80952381,10,12
Carlos Sainz,Shanghai International Circuit,5.451,16,0,0,McLaren,14,17,15.4,9,9,10.61111111,11.61904762,0.619047619,7,14
George Russell,Shanghai International Circuit,5.451,16,0,1,Williams,17,10,15.5,16.5,16.5,10,15.66666667,1,10,16
Lando Norris,Shanghai International Circuit,5.451,16,0,1,McLaren,15,10,9,17,15.4,10,12,0.666666667,7,18
Nico Hulkenberg,Shanghai International Circuit,5.451,16,0,0,Renault,8,14.33333333,11,13.66666667,14.8,11.05555556,11.57142857,0.619047619,4,20
Valtteri Bottas,Baku City Circuit,6.003,20,1,0,Mercedes,1,1.666666667,3,1.333333333,1.8,5.222222222,4.545454545,0.136363636,1,1
Lewis Hamilton,Baku City Circuit,6.003,20,1,0,Mercedes,2,1.333333333,1.8,1.666666667,3,2.833333333,2.590909091,0.045454545,1,2
Max Verstappen,Baku City Circuit,6.003,20,1,0,Red Bull,4,3.666666667,2.8,8.333333333,9.6,6.666666667,6.136363636,0.181818182,3,4
Charles Leclerc,Baku City Circuit,6.003,20,1,0,Ferrari,6,4.333333333,5.4,4,4,12.55555556,11.09090909,0.545454545,2,5
Sergio Perez,Baku City Circuit,6.003,20,1,0,Racing Point,7,10.33333333,11.8,11.66666667,13,10.72222222,10.45454545,0.5,10,6
Carlos Sainz,Baku City Circuit,6.003,20,1,0,McLaren,10,17.66666667,16.8,12,12,10.61111111,11.40909091,0.590909091,7,7
Lando Norris,Baku City Circuit,6.003,20,1,1,McLaren,9,10,12,17.66666667,16.8,10,11,0.5,7,8
Lance Stroll,Baku City Circuit,6.003,20,1,0,Racing Point,16,11.66666667,13,10.33333333,11.8,14.44444444,13.81818182,0.772727273,10,9
Alexander Albon,Baku City Circuit,6.003,20,1,1,Toro Rosso,13,10,11,13.66666667,13.66666667,10,11,0.75,9,11
Nico Hulkenberg,Baku City Circuit,6.003,20,1,0,Renault,18,14.66666667,13.8,14.66666667,13,11.05555556,11.68181818,0.636363636,4,14
George Russell,Baku City Circuit,6.003,20,1,1,Williams,19,10,15.66666667,16.66666667,16.66666667,10,15.5,1,10,15
Pierre Gasly,Baku City Circuit,6.003,20,1,0,Red Bull,5,8.333333333,9.6,3.666666667,2.8,12.88888889,12.45454545,0.636363636,3,17
Lewis Hamilton,Circuit de Barcelona-Catalunya,4.657,16,0,0,Mercedes,2,1.333333333,1.4,1.666666667,2.2,2.833333333,2.52173913,0.043478261,1,1
Valtteri Bottas,Circuit de Barcelona-Catalunya,4.657,16,0,0,Mercedes,1,1.666666667,2.2,1.333333333,1.4,5.222222222,4.434782609,0.130434783,1,2
Max Verstappen,Circuit de Barcelona-Catalunya,4.657,16,0,0,Red Bull,4,4,3.4,10.33333333,11,6.666666667,6,0.173913043,3,3
Charles Leclerc,Circuit de Barcelona-Catalunya,4.657,16,0,0,Ferrari,5,4.333333333,5,3.666666667,4.2,12.55555556,10.82608696,0.52173913,2,5
Pierre Gasly,Circuit de Barcelona-Catalunya,4.657,16,0,0,Red Bull,6,10.33333333,11,4,3.4,12.88888889,12.17391304,0.608695652,3,6
Carlos Sainz,Circuit de Barcelona-Catalunya,4.657,16,0,0,McLaren,13,13.33333333,14.4,10.66666667,11,10.61111111,11.26086957,0.565217391,7,8
Alexander Albon,Circuit de Barcelona-Catalunya,4.657,16,0,1,Toro Rosso,12,10,11,16.66666667,15,10,11,0.6,9,11
Nico Hulkenberg,Circuit de Barcelona-Catalunya,4.657,16,0,0,Renault,16,17,15.4,15,13.6,11.05555556,11.73913043,0.608695652,4,13
Sergio Perez,Circuit de Barcelona-Catalunya,4.657,16,0,0,Racing Point,15,8,9.4,11.66666667,12.4,10.72222222,10.65217391,0.47826087,10,15
George Russell,Circuit de Barcelona-Catalunya,4.657,16,0,1,Williams,19,10,15.5,16.33333333,16.5,10,15.8,1,10,17
Lance Stroll,Circuit de Barcelona-Catalunya,4.657,16,0,0,Racing Point,17,11.66666667,12.4,8,9.4,14.44444444,14.04347826,0.782608696,10,19
Lando Norris,Circuit de Barcelona-Catalunya,4.657,16,0,1,McLaren,11,10,11,13.33333333,14.4,10,12.8,0.6,7,20
Lewis Hamilton,Circuit de Monaco,3.337,19,1,0,Mercedes,1,1.333333333,1.4,1.666666667,1.6,2.833333333,2.458333333,0.041666667,1,1
Valtteri Bottas,Circuit de Monaco,3.337,19,1,0,Mercedes,2,1.666666667,1.6,1.333333333,1.4,5.222222222,4.375,0.125,1,3
Max Verstappen,Circuit de Monaco,3.337,19,1,0,Red Bull,3,3.666666667,3.6,9.666666667,9.6,6.666666667,5.916666667,0.166666667,3,4
Pierre Gasly,Circuit de Monaco,3.337,19,1,0,Red Bull,5,9.666666667,9.6,3.666666667,3.6,12.88888889,11.875,0.583333333,3,5
Carlos Sainz,Circuit de Monaco,3.337,19,1,0,McLaren,9,9.666666667,13.6,15.33333333,12.8,10.61111111,11.04166667,0.541666667,7,6
Alexander Albon,Circuit de Monaco,3.337,19,1,1,Toro Rosso,10,10,11,15.66666667,13.8,10,10.5,0.5,9,8
Lando Norris,Circuit de Monaco,3.337,19,1,1,McLaren,12,10,12.8,9.666666667,13.6,10,12.5,0.5,7,11
Sergio Perez,Circuit de Monaco,3.337,19,1,0,Racing Point,17,9.666666667,10.4,13.33333333,12.6,10.72222222,10.70833333,0.5,10,12
Nico Hulkenberg,Circuit de Monaco,3.337,19,1,0,Renault,11,15.66666667,14.2,13,15.2,11.05555556,11.79166667,0.625,4,13
George Russell,Circuit de Monaco,3.337,19,1,1,Williams,19,10,15.8,17,16.8,10,15.66666667,1,10,15
Lance Stroll,Circuit de Monaco,3.337,19,1,0,Racing Point,18,13.33333333,12.6,9.666666667,10.4,14.44444444,14.125,0.791666667,10,16
Charles Leclerc,Circuit de Monaco,3.337,19,1,0,Ferrari,16,5,4.6,3.333333333,3.8,12.55555556,11.20833333,0.541666667,2,20
Lewis Hamilton,Circuit Gilles Villeneuve,4.361,14,1,0,Mercedes,2,1.333333333,1.2,2,2,2.833333333,2.4,0.04,1,1
Charles Leclerc,Circuit Gilles Villeneuve,4.361,14,1,0,Ferrari,3,10,7.6,3,3.4,12.55555556,10.88,0.52,2,3
Valtteri Bottas,Circuit Gilles Villeneuve,4.361,14,1,0,Mercedes,6,2,2,1.333333333,1.2,5.222222222,4.36,0.12,1,4
Max Verstappen,Circuit Gilles Villeneuve,4.361,14,1,0,Red Bull,9,3.666666667,3.8,9.333333333,8.4,6.666666667,5.88,0.16,3,5
Nico Hulkenberg,Circuit Gilles Villeneuve,4.361,14,1,0,Renault,7,13.33333333,15.4,13.66666667,13.2,11.05555556,11.6,0.64,4,7
Pierre Gasly,Circuit Gilles Villeneuve,4.361,14,1,0,Red Bull,5,9.333333333,8.4,3.666666667,3.8,12.88888889,11.72,0.6,3,8
Lance Stroll,Circuit Gilles Villeneuve,4.361,14,1,0,Racing Point,18,14.66666667,14,11,10.2,14.44444444,13.92,0.8,10,9
Carlos Sainz,Circuit Gilles Villeneuve,4.361,14,1,0,McLaren,8,7,10.8,13,12.6,10.61111111,11.04,0.56,7,11
Sergio Perez,Circuit Gilles Villeneuve,4.361,14,1,0,Racing Point,16,11,10.2,14.66666667,14,10.72222222,10.76,0.52,10,12
George Russell,Circuit Gilles Villeneuve,4.361,14,1,1,Williams,19,10,15.6,17.33333333,17,10,15.71428571,1,10,16
Alexander Albon,Circuit Gilles Villeneuve,4.361,14,1,1,Toro Rosso,13,10,9.8,11.66666667,13.2,10,11.71428571,0.571428571,9,19
Lando Norris,Circuit Gilles Villeneuve,4.361,14,1,1,McLaren,10,10,12.6,7,10.8,10,13.57142857,0.571428571,7,20
Lewis Hamilton,Circuit Paul Ricard,5.842,15,0,0,Mercedes,1,1,1.2,3,2.4,2.833333333,2.346153846,0.038461538,1,1
Valtteri Bottas,Circuit Paul Ricard,5.842,15,0,0,Mercedes,2,3,2.4,1,1.2,5.222222222,4.269230769,0.115384615,1,2
Charles Leclerc,Circuit Paul Ricard,5.842,15,0,0,Ferrari,3,9.333333333,7.6,2.666666667,2.8,12.55555556,10.57692308,0.5,2,3
Max Verstappen,Circuit Paul Ricard,5.842,15,0,0,Red Bull,4,4,4,6.333333333,8.4,6.666666667,5.807692308,0.153846154,3,4
Carlos Sainz,Circuit Paul Ricard,5.842,15,0,0,McLaren,7,8.333333333,9.2,17,15.4,10.61111111,10.84615385,0.538461538,7,6
Nico Hulkenberg,Circuit Paul Ricard,5.842,15,0,0,Renault,13,11,13.4,9,10.8,11.05555556,11.46153846,0.653846154,4,8
Lando Norris,Circuit Paul Ricard,5.842,15,0,1,McLaren,5,10,15.4,8.333333333,9.2,10,13,0.625,7,9
Pierre Gasly,Circuit Paul Ricard,5.842,15,0,0,Red Bull,9,6.333333333,8.4,4,4,12.88888889,11.65384615,0.615384615,3,10
Sergio Perez,Circuit Paul Ricard,5.842,15,0,0,Racing Point,14,13,10.6,14.66666667,13,10.72222222,10.80769231,0.538461538,10,12
Lance Stroll,Circuit Paul Ricard,5.842,15,0,0,Racing Point,18,14.66666667,13,13,10.6,14.44444444,13.88461538,0.807692308,10,13
Alexander Albon,Circuit Paul Ricard,5.842,15,0,1,Toro Rosso,11,10,11.8,8.666666667,12.8,10,12.125,0.625,9,15
George Russell,Circuit Paul Ricard,5.842,15,0,1,Williams,19,10,15.8,18,17.4,10,16.125,1,10,19
Max Verstappen,Red Bull Ring,4.318,10,0,0,Red Bull,3,4.333333333,4,7.666666667,9.2,6.666666667,5.62962963,0.148148148,3,1
Charles Leclerc,Red Bull Ring,4.318,10,0,0,Ferrari,1,8.666666667,7.2,3,3.2,12.55555556,10.25925926,0.481481481,2,2
Valtteri Bottas,Red Bull Ring,4.318,10,0,0,Mercedes,4,3,2.4,1,1.2,5.222222222,4.222222222,0.111111111,1,3
Lewis Hamilton,Red Bull Ring,4.318,10,0,0,Mercedes,2,1,1.2,3,2.4,2.833333333,2.444444444,0.037037037,1,5
Lando Norris,Red Bull Ring,4.318,10,0,1,McLaren,9,10,13.6,7.666666667,7.6,10,12.22222222,0.666666667,7,6
Pierre Gasly,Red Bull Ring,4.318,10,0,0,Red Bull,6,7.666666667,9.2,4.333333333,4,12.88888889,11.48148148,0.62962963,3,7
Carlos Sainz,Red Bull Ring,4.318,10,0,0,McLaren,11,7.666666667,7.6,13.33333333,13.6,10.61111111,10.74074074,0.555555556,7,8
Sergio Perez,Red Bull Ring,4.318,10,0,0,Racing Point,16,12,11.4,12.66666667,13.2,10.72222222,10.81481481,0.555555556,10,11
Nico Hulkenberg,Red Bull Ring,4.318,10,0,0,Renault,13,9.333333333,11,8.666666667,11.6,11.05555556,11.51851852,0.666666667,4,13
Lance Stroll,Red Bull Ring,4.318,10,0,0,Racing Point,17,12.66666667,13.2,12,11.4,14.44444444,13.88888889,0.814814815,10,14
Alexander Albon,Red Bull Ring,4.318,10,0,1,Toro Rosso,15,10,12.8,10.33333333,11.8,10,12.44444444,0.666666667,9,15
George Russell,Red Bull Ring,4.318,10,0,1,Williams,19,10,16.4,18,17.6,10,16.33333333,1,10,18
Lewis Hamilton,Silverstone Circuit,5.891,18,0,0,Mercedes,2,2.333333333,1.8,3,2.8,2.833333333,2.392857143,0.035714286,1,1
Valtteri Bottas,Silverstone Circuit,5.891,18,0,0,Mercedes,1,3,2.8,2.333333333,1.8,5.222222222,4.142857143,0.107142857,1,2
Charles Leclerc,Silverstone Circuit,5.891,18,0,0,Ferrari,3,2.666666667,6.6,3.666666667,3.4,12.55555556,10,0.464285714,2,3
Pierre Gasly,Silverstone Circuit,5.891,18,0,0,Red Bull,5,8.333333333,7.2,3.333333333,3.4,12.88888889,11.21428571,0.607142857,3,4
Max Verstappen,Silverstone Circuit,5.891,18,0,0,Red Bull,4,3.333333333,3.4,8.333333333,7.2,6.666666667,5.607142857,0.142857143,3,5
Carlos Sainz,Silverstone Circuit,5.891,18,0,0,McLaren,9,8.333333333,7.8,11.66666667,13.2,10.61111111,10.57142857,0.535714286,7,6
Nico Hulkenberg,Silverstone Circuit,5.891,18,0,0,Renault,12,9.333333333,10.8,9.666666667,10,11.05555556,11.46428571,0.642857143,4,10
Lando Norris,Silverstone Circuit,5.891,18,0,1,McLaren,7,10,13.2,8.333333333,7.8,10,12.1,0.6,7,11
Alexander Albon,Silverstone Circuit,5.891,18,0,1,Toro Rosso,10,10,13.6,13.66666667,11.4,10,12.4,0.6,9,12
Lance Stroll,Silverstone Circuit,5.891,18,0,0,Racing Point,18,12,14.2,11.66666667,12.4,14.44444444,13.85714286,0.785714286,10,13
George Russell,Silverstone Circuit,5.891,18,0,1,Williams,19,10,17,18.66666667,18.4,10,16.1,1,10,14
Sergio Perez,Silverstone Circuit,5.891,18,0,0,Racing Point,15,11.66666667,12.4,12,14.2,10.72222222,11.03571429,0.571428571,10,17
Max Verstappen,Hockenheimring,4.574,17,0,0,Red Bull,2,3.333333333,3.8,7,6.8,6.666666667,5.448275862,0.137931034,3,1
Lance Stroll,Hockenheimring,4.574,17,0,0,Racing Point,15,13.33333333,13,13.33333333,12.8,14.44444444,13.51724138,0.75862069,10,4
Carlos Sainz,Hockenheimring,4.574,17,0,0,McLaren,7,6.666666667,7.4,8.666666667,11.4,10.61111111,10.37931034,0.517241379,7,5
Alexander Albon,Hockenheimring,4.574,17,0,1,Toro Rosso,17,10,13.8,13.33333333,11.4,10,11.81818182,0.545454545,9,6
Lewis Hamilton,Hockenheimring,4.574,17,0,0,Mercedes,1,2.333333333,1.8,2.333333333,2.8,2.833333333,2.620689655,0.034482759,1,9
George Russell,Hockenheimring,4.574,17,0,1,Williams,18,10,16.4,17.66666667,17.8,10,15.63636364,0.909090909,10,11
Pierre Gasly,Hockenheimring,4.574,17,0,0,Red Bull,4,7,6.8,3.333333333,3.8,12.88888889,11.31034483,0.620689655,3,14
Valtteri Bottas,Hockenheimring,4.574,17,0,0,Mercedes,3,2.333333333,2.8,2.333333333,1.8,5.222222222,4.517241379,0.137931034,1,15
Nico Hulkenberg,Hockenheimring,4.574,17,0,0,Renault,8,10.33333333,10.2,10,9,11.05555556,11.62068966,0.655172414,4,16
Charles Leclerc,Hockenheimring,4.574,17,0,0,Ferrari,5,2.666666667,6.2,8.333333333,5.8,12.55555556,10.24137931,0.482758621,2,17
Lando Norris,Hockenheimring,4.574,17,0,1,McLaren,16,10,11.4,6.666666667,7.4,10,12.63636364,0.636363636,7,18
Sergio Perez,Hockenheimring,4.574,17,0,0,Racing Point,10,13.33333333,12.8,13.33333333,13,10.72222222,11.34482759,0.586206897,10,20
Lewis Hamilton,Hungaroring,4.909,14,0,0,Mercedes,3,5,3.4,6.666666667,5.2,2.833333333,2.566666667,0.033333333,1,1
Max Verstappen,Hungaroring,4.909,14,0,0,Red Bull,1,2.333333333,3.2,8.333333333,8.6,6.666666667,5.333333333,0.133333333,3,2
Charles Leclerc,Hungaroring,4.909,14,0,0,Ferrari,4,7.333333333,5.6,7.333333333,5.8,12.55555556,10.03333333,0.466666667,2,4
Carlos Sainz,Hungaroring,4.909,14,0,0,McLaren,8,6.333333333,7.2,11.66666667,12.8,10.61111111,10.2,0.533333333,7,5
Pierre Gasly,Hungaroring,4.909,14,0,0,Red Bull,6,8.333333333,8.6,2.333333333,3.2,12.88888889,11.13333333,0.633333333,3,6
Valtteri Bottas,Hungaroring,4.909,14,0,0,Mercedes,2,6.666666667,5.2,5,3.4,5.222222222,4.633333333,0.166666667,1,8
Lando Norris,Hungaroring,4.909,14,0,1,McLaren,7,10,12.8,6.333333333,7.2,10,12.33333333,0.666666667,7,9
Alexander Albon,Hungaroring,4.909,14,0,1,Toro Rosso,13,10,13.4,9.666666667,10.6,10,11.66666667,0.583333333,9,10
Sergio Perez,Hungaroring,4.909,14,0,0,Racing Point,17,16,14.4,10.33333333,10.6,10.72222222,11.33333333,0.6,10,11
Nico Hulkenberg,Hungaroring,4.909,14,0,0,Renault,12,13,10.8,12.66666667,11,11.05555556,11.63333333,0.666666667,4,12
George Russell,Hungaroring,4.909,14,0,1,Williams,16,10,15.6,15,16.2,10,15.66666667,0.916666667,10,16
Lance Stroll,Hungaroring,4.909,14,0,0,Racing Point,19,10.33333333,10.6,16,14.4,14.44444444,13.63333333,0.766666667,10,17
Charles Leclerc,Autodromo Nazionale di Monza,5.793,11,0,0,Ferrari,1,8,5.8,7,6,12.55555556,9.741935484,0.451612903,2,1
Valtteri Bottas,Autodromo Nazionale di Monza,5.793,11,0,0,Mercedes,3,8.333333333,6,3.666666667,3.4,5.222222222,4.548387097,0.161290323,1,2
Lewis Hamilton,Autodromo Nazionale di Monza,5.793,11,0,0,Mercedes,2,3.666666667,3.4,8.333333333,6,2.833333333,2.580645161,0.032258065,1,3
Nico Hulkenberg,Autodromo Nazionale di Monza,5.793,11,0,0,Renault,7,12.66666667,11.8,13.33333333,12.6,11.05555556,11.41935484,0.64516129,4,5
Alexander Albon,Autodromo Nazionale di Monza,5.793,11,0,1,Toro Rosso,6,10,11.6,9,11.6,10,11.23076923,0.538461538,9,6
Sergio Perez,Autodromo Nazionale di Monza,5.793,11,0,0,Racing Point,17,16,14.2,11.33333333,12.2,10.72222222,11.19354839,0.580645161,10,7
Max Verstappen,Autodromo Nazionale di Monza,5.793,11,0,0,Red Bull,20,2.666666667,2.6,8,8.2,6.666666667,5.419354839,0.129032258,3,8
Lando Norris,Autodromo Nazionale di Monza,5.793,11,0,1,McLaren,15,10,10.6,5.333333333,6,10,12.15384615,0.692307692,7,10
Pierre Gasly,Autodromo Nazionale di Monza,5.793,11,0,0,Red Bull,10,8,8.2,2.666666667,2.6,12.88888889,11.12903226,0.64516129,3,11
Lance Stroll,Autodromo Nazionale di Monza,5.793,11,0,0,Racing Point,9,11.33333333,12.2,16,14.2,14.44444444,13.58064516,0.774193548,10,12
George Russell,Autodromo Nazionale di Monza,5.793,11,0,1,Williams,18,10,15.6,14.66666667,16.4,10,15.53846154,0.923076923,10,14
Carlos Sainz,Autodromo Nazionale di Monza,5.793,11,0,0,McLaren,8,5.333333333,6,12.66666667,10.6,10.61111111,10.51612903,0.548387097,7,20
Lewis Hamilton,Sochi Autodrom,5.848,18,1,0,Mercedes,2,4.333333333,3.8,8.333333333,6,2.833333333,2.53125,0.03125,1,1
Valtteri Bottas,Sochi Autodrom,5.848,18,1,0,Mercedes,5,8.333333333,6,4.333333333,3.8,5.222222222,4.46875,0.15625,1,2
Charles Leclerc,Sochi Autodrom,5.848,18,1,0,Ferrari,1,7.333333333,5.4,6,7.6,12.55555556,9.53125,0.4375,2,3
Max Verstappen,Sochi Autodrom,5.848,18,1,0,Red Bull,4,3.666666667,3.4,10.33333333,8.4,6.666666667,5.375,0.125,3,4
Alexander Albon,Sochi Autodrom,5.848,18,1,1,Toro Rosso,19,10,9.8,12.33333333,12.6,10,10.78571429,0.5,9,5
Carlos Sainz,Sochi Autodrom,5.848,18,1,0,McLaren,6,10,8.8,12.33333333,10.8,10.61111111,10.375,0.53125,7,6
Sergio Perez,Sochi Autodrom,5.848,18,1,0,Racing Point,13,12.66666667,13.2,11,12,10.72222222,11.0625,0.5625,10,7
Lando Norris,Sochi Autodrom,5.848,18,1,1,McLaren,8,10,10.8,10,8.8,10,11.85714286,0.642857143,7,8
Nico Hulkenberg,Sochi Autodrom,5.848,18,1,0,Renault,7,11,11.2,12.33333333,11.2,11.05555556,11.375,0.625,4,10
Lance Stroll,Sochi Autodrom,5.848,18,1,0,Racing Point,15,11,12,12.66666667,13.2,14.44444444,13.5,0.75,10,11
Pierre Gasly,Sochi Autodrom,5.848,18,1,0,Red Bull,12,10.33333333,8.4,3.666666667,3.4,12.88888889,11.21875,0.625,3,14
George Russell,Sochi Autodrom,5.848,18,1,1,Williams,17,10,14.6,15.33333333,16.2,10,15.64285714,0.928571429,10,17
Valtteri Bottas,Suzuka Circuit,5.807,18,0,0,Mercedes,3,4,5.8,1.666666667,3,5.222222222,4.363636364,0.151515152,1,1
Lewis Hamilton,Suzuka Circuit,5.807,18,0,0,Mercedes,4,1.666666667,3,4,5.8,2.833333333,2.545454545,0.03030303,1,3
Alexander Albon,Suzuka Circuit,5.807,18,0,1,Toro Rosso,6,10,7.8,15.33333333,11.6,10,10.33333333,0.466666667,9,4
Carlos Sainz,Suzuka Circuit,5.807,18,0,0,McLaren,7,10.33333333,8.4,9,11.2,10.61111111,10.21212121,0.515151515,7,5
Charles Leclerc,Suzuka Circuit,5.807,18,0,0,Ferrari,2,2.666666667,5.6,11.33333333,10.4,12.55555556,9.424242424,0.454545455,2,6
Pierre Gasly,Suzuka Circuit,5.807,18,0,0,Red Bull,9,10.33333333,9.8,4.666666667,4,12.88888889,11.09090909,0.636363636,3,7
Sergio Perez,Suzuka Circuit,5.807,18,0,0,Racing Point,17,8.333333333,12.4,13.33333333,11.4,10.72222222,10.96969697,0.575757576,10,8
Lance Stroll,Suzuka Circuit,5.807,18,0,0,Racing Point,12,13.33333333,11.4,8.333333333,12.4,14.44444444,13.36363636,0.757575758,10,9
Lando Norris,Suzuka Circuit,5.807,18,0,1,McLaren,8,10,11.2,10.33333333,8.4,10,11.8,0.666666667,7,11
George Russell,Suzuka Circuit,5.807,18,0,1,Williams,18,10,14.4,17.33333333,15.4,10,15.66666667,0.933333333,10,16
Max Verstappen,Suzuka Circuit,5.807,18,0,0,Red Bull,5,4.666666667,4,10.33333333,9.8,6.666666667,5.757575758,0.151515152,3,18
Nico Hulkenberg,Suzuka Circuit,5.807,18,0,0,Renault,15,9,10.6,12.33333333,12.6,11.05555556,11.63636364,0.636363636,4,20
Lewis Hamilton,Autodromo Hermanos Rodriguez,4.304,17,0,0,Mercedes,4,2.333333333,3.4,1.666666667,5.6,2.833333333,2.5,0.029411765,1,1
Valtteri Bottas,Autodromo Hermanos Rodriguez,4.304,17,0,0,Mercedes,6,1.666666667,5.6,2.333333333,3.4,5.222222222,4.323529412,0.147058824,1,3
Charles Leclerc,Autodromo Hermanos Rodriguez,4.304,17,0,0,Ferrari,2,3.333333333,6.2,11,7.6,12.55555556,9.264705882,0.441176471,2,4
Alexander Albon,Autodromo Hermanos Rodriguez,4.304,17,0,1,Toro Rosso,5,10,6.2,13.66666667,11.8,10,10,0.4375,9,5
Max Verstappen,Autodromo Hermanos Rodriguez,4.304,17,0,0,Red Bull,1,10,6.6,10.66666667,10.4,6.666666667,5.764705882,0.147058824,3,6
Sergio Perez,Autodromo Hermanos Rodriguez,4.304,17,0,0,Racing Point,11,7.333333333,10.6,10.66666667,10.6,10.72222222,10.85294118,0.558823529,10,7
Pierre Gasly,Autodromo Hermanos Rodriguez,4.304,17,0,0,Red Bull,10,10.66666667,10.4,10,6.6,12.88888889,11.02941176,0.647058824,3,9
Nico Hulkenberg,Autodromo Hermanos Rodriguez,4.304,17,0,0,Renault,12,11.66666667,12.6,14,15,11.05555556,11.58823529,0.647058824,4,10
Lance Stroll,Autodromo Hermanos Rodriguez,4.304,17,0,0,Racing Point,16,10.66666667,10.6,7.333333333,10.6,14.44444444,13.32352941,0.764705882,10,12
Carlos Sainz,Autodromo Hermanos Rodriguez,4.304,17,0,0,McLaren,7,10.33333333,8.2,9.666666667,11.2,10.61111111,10.29411765,0.529411765,7,13
George Russell,Autodromo Hermanos Rodriguez,4.304,17,0,1,Williams,19,10,14.8,16.66666667,15.8,10,15.6875,0.9375,10,16
Lando Norris,Autodromo Hermanos Rodriguez,4.304,17,0,1,McLaren,8,10,11.2,10.33333333,8.2,10,12.3125,0.6875,7,20
Valtteri Bottas,Circuit of the Americas,5.513,20,0,0,Mercedes,1,2,3.2,1.666666667,1.8,5.222222222,4.228571429,0.142857143,1,1
Lewis Hamilton,Circuit of the Americas,5.513,20,0,0,Mercedes,5,1.666666667,1.8,2,3.2,2.833333333,2.485714286,0.028571429,1,2
Max Verstappen,Circuit of the Americas,5.513,20,0,0,Red Bull,3,9.333333333,7.6,10,9.4,6.666666667,5.685714286,0.142857143,3,3
Charles Leclerc,Circuit of the Americas,5.513,20,0,0,Ferrari,4,4.333333333,3.6,7.333333333,7.6,12.55555556,9.114285714,0.428571429,2,4
Alexander Albon,Circuit of the Americas,5.513,20,0,1,Toro Rosso,6,10,6,11,13.4,10,9.705882353,0.411764706,9,5
Lando Norris,Circuit of the Americas,5.513,20,0,1,McLaren,8,10,11.6,8,9.8,10,12,0.647058824,7,7
Carlos Sainz,Circuit of the Americas,5.513,20,0,0,McLaren,7,8,9.8,13,11.6,10.61111111,10.22857143,0.542857143,7,8
Nico Hulkenberg,Circuit of the Americas,5.513,20,0,0,Renault,13,13.33333333,11.4,15.33333333,12.8,11.05555556,11.51428571,0.657142857,4,9
Sergio Perez,Circuit of the Americas,5.513,20,0,0,Racing Point,19,7.333333333,8,10.66666667,12.2,10.72222222,10.82857143,0.571428571,10,10
Lance Stroll,Circuit of the Americas,5.513,20,0,0,Racing Point,14,10.66666667,12.2,7.333333333,8,14.44444444,13.31428571,0.771428571,10,13
Pierre Gasly,Circuit of the Americas,5.513,20,0,0,Red Bull,10,10,9.4,9.333333333,7.6,12.88888889,11.17142857,0.657142857,3,16
George Russell,Circuit of the Americas,5.513,20,0,1,Williams,18,10,15.8,17,17.4,10,15.76470588,0.941176471,10,17
Max Verstappen,Autodromo Jose Carlos Pace,4.309,15,0,0,Red Bull,1,9,7.8,10.66666667,11.4,6.666666667,5.555555556,0.138888889,3,1
Pierre Gasly,Autodromo Jose Carlos Pace,4.309,15,0,0,Red Bull,8,10.66666667,11.4,9,7.8,12.88888889,10.91666667,0.638888889,3,2
Carlos Sainz,Autodromo Jose Carlos Pace,4.309,15,0,0,McLaren,20,8.666666667,10.4,12.66666667,11.2,10.61111111,10.02777778,0.527777778,7,3
Lewis Hamilton,Autodromo Jose Carlos Pace,4.309,15,0,0,Mercedes,3,2,2,1.666666667,1.8,2.833333333,2.611111111,0.027777778,1,7
Lando Norris,Autodromo Jose Carlos Pace,4.309,15,0,1,McLaren,11,10,11.2,8.666666667,10.4,10,11.77777778,0.611111111,7,8
Sergio Perez,Autodromo Jose Carlos Pace,4.309,15,0,0,Racing Point,15,8.333333333,7.8,11.33333333,11.4,10.72222222,10.77777778,0.555555556,10,9
George Russell,Autodromo Jose Carlos Pace,4.309,15,0,1,Williams,18,10,16,18,17.4,10,15.55555556,0.888888889,10,12
Alexander Albon,Autodromo Jose Carlos Pace,4.309,15,0,1,Toro Rosso,6,10,5,11,12.8,10,9.944444444,0.388888889,9,14
Nico Hulkenberg,Autodromo Jose Carlos Pace,4.309,15,0,0,Renault,14,13,10.8,11,11.2,11.05555556,11.61111111,0.638888889,4,15
Charles Leclerc,Autodromo Jose Carlos Pace,4.309,15,0,0,Ferrari,4,4.666666667,3.6,8,11,12.55555556,9.361111111,0.444444444,2,18
Lance Stroll,Autodromo Jose Carlos Pace,4.309,15,0,0,Racing Point,17,11.33333333,11.4,8.333333333,7.8,14.44444444,13.47222222,0.777777778,10,19
Valtteri Bottas,Autodromo Jose Carlos Pace,4.309,15,0,0,Mercedes,5,1.666666667,1.8,2,2,5.222222222,4.666666667,0.166666667,1,20
Lewis Hamilton,Yas Marina Circuit,5.281,16,0,0,Mercedes,1,3.333333333,2.8,8,5.4,2.833333333,2.567567568,0.027027027,1,1
Max Verstappen,Yas Marina Circuit,5.281,16,0,0,Red Bull,3,3.333333333,6.4,9,9.6,6.666666667,5.459459459,0.135135135,3,2
Charles Leclerc,Yas Marina Circuit,5.281,16,0,0,Ferrari,4,8.666666667,7,13,11.8,12.55555556,9.189189189,0.432432432,2,3
Valtteri Bottas,Yas Marina Circuit,5.281,16,0,0,Mercedes,2,8,5.4,3.333333333,2.8,5.222222222,4.648648649,0.162162162,1,4
Alexander Albon,Yas Marina Circuit,5.281,16,0,1,Toro Rosso,6,10,6.6,11,11,10,9.736842105,0.368421053,9,6
Sergio Perez,Yas Marina Circuit,5.281,16,0,0,Racing Point,11,8.666666667,8.2,14.66666667,12.8,10.72222222,10.67567568,0.567567568,10,7
Lando Norris,Yas Marina Circuit,5.281,16,0,1,McLaren,8,10,10.8,8,7,10,11.57894737,0.631578947,7,8
Carlos Sainz,Yas Marina Circuit,5.281,16,0,0,McLaren,7,8,7,11.66666667,10.8,10.61111111,10.02702703,0.540540541,7,10
Nico Hulkenberg,Yas Marina Circuit,5.281,16,0,0,Renault,10,11.33333333,12.8,6.666666667,11.6,11.05555556,11.62162162,0.648648649,4,12
George Russell,Yas Marina Circuit,5.281,16,0,1,Williams,19,10,15.6,17.66666667,17.2,10,15.63157895,0.894736842,10,17
Pierre Gasly,Yas Marina Circuit,5.281,16,0,0,Red Bull,12,9,9.6,3.333333333,6.4,12.88888889,11.10810811,0.648648649,3,18
Lance Stroll,Yas Marina Circuit,5.281,16,0,0,Racing Point,13,14.66666667,12.8,8.666666667,8.2,14.44444444,13.64864865,0.783783784,10,20
Lewis Hamilton,Red Bull Ring,4.318,10,0,0,Mercedes,1,3.333333333,2.8,8.333333333,5.8,2.315789474,2.526315789,0.026315789,1,1
Valtteri Bottas,Red Bull Ring,4.318,10,0,0,Mercedes,5,8.333333333,5.8,3.333333333,2.8,4.105263158,4.578947368,0.157894737,1,2
Max Verstappen,Red Bull Ring,4.318,10,0,0,Red Bull,2,2,6,8.333333333,6.8,4.315789474,5.394736842,0.131578947,3,3
Alexander Albon,Red Bull Ring,4.318,10,0,0,Red Bull,8,8.333333333,6.8,2,6,9.736842105,9.45,0.35,3,4
Lando Norris,Red Bull Ring,4.318,10,0,0,McLaren,3,7.666666667,10.8,7,7.8,11.57894737,11.25,0.6,4,5
Sergio Perez,Red Bull Ring,4.318,10,0,0,Racing Point,17,8.666666667,8.2,17.33333333,14.6,10.63157895,10.55263158,0.552631579,7,6
Lance Stroll,Red Bull Ring,4.318,10,0,0,Racing Point,13,17.33333333,14.6,8.666666667,8.2,12.89473684,13.47368421,0.763157895,7,7
Carlos Sainz,Red Bull Ring,4.318,10,0,0,McLaren,4,7,7.8,7.666666667,10.8,9.473684211,10,0.552631579,4,9
Pierre Gasly,Red Bull Ring,4.318,10,0,0,AlphaTauri,6,12,10.4,10.33333333,10.4,9.421052632,11.21052632,0.657894737,10,15
George Russell,Red Bull Ring,4.318,10,0,0,Williams,12,15.33333333,15.6,10,10,15.63157895,15.65,0.9,10,16
Esteban Ocon,Red Bull Ring,4.318,10,0,1,Renault,7,10,10,7.666666667,10,10,11.73684211,0.631578947,5,18
Charles Leclerc,Red Bull Ring,4.318,10,0,0,Ferrari,11,8.333333333,7,14,9.2,6,9.447368421,0.447368421,2,19
Lewis Hamilton,Red Bull Ring,4.318,10,0,0,Mercedes,1,3,2.4,8.666666667,6,2.315789474,2.487179487,0.025641026,1,1
Valtteri Bottas,Red Bull Ring,4.318,10,0,0,Mercedes,5,8.666666667,6,3,2.4,4.105263158,4.512820513,0.153846154,1,2
Max Verstappen,Red Bull Ring,4.318,10,0,0,Red Bull,2,2,3,8,6.8,4.315789474,5.333333333,0.128205128,3,3
Alexander Albon,Red Bull Ring,4.318,10,0,0,Red Bull,8,8,6.8,2,3,9.736842105,9.19047619,0.333333333,3,4
Lando Norris,Red Bull Ring,4.318,10,0,0,McLaren,3,7,9.6,7.333333333,8.6,11.57894737,10.95238095,0.571428571,4,5
Sergio Perez,Red Bull Ring,4.318,10,0,0,Racing Point,17,7.333333333,7.8,15.33333333,14.2,10.63157895,10.43589744,0.538461538,7,6
Lance Stroll,Red Bull Ring,4.318,10,0,0,Racing Point,13,15.33333333,14.2,7.333333333,7.8,12.89473684,13.30769231,0.743589744,7,7
Carlos Sainz,Red Bull Ring,4.318,10,0,0,McLaren,4,7.333333333,8.6,7,9.6,9.473684211,9.974358974,0.564102564,4,9
Pierre Gasly,Red Bull Ring,4.318,10,0,0,AlphaTauri,6,11.66666667,12,9.666666667,10.4,9.421052632,11.30769231,0.666666667,10,15
George Russell,Red Bull Ring,4.318,10,0,0,Williams,12,15,15.6,17,17,15.63157895,15.66666667,0.904761905,10,16
Esteban Ocon,Red Bull Ring,4.318,10,0,1,Renault,7,10,18,8.333333333,7.8,10,12.05,0.65,5,18
Charles Leclerc,Red Bull Ring,4.318,10,0,0,Ferrari,11,13.33333333,9.6,14,12.8,6,9.692307692,0.461538462,2,19
Lewis Hamilton,Hungaroring,4.909,14,0,0,Mercedes,1,1,2.4,2.666666667,5.8,2.315789474,2.45,0.025,1,1
Max Verstappen,Hungaroring,4.909,14,0,0,Red Bull,7,2.666666667,2.4,4.666666667,6.6,4.315789474,5.25,0.125,3,2
Valtteri Bottas,Hungaroring,4.909,14,0,0,Mercedes,2,2.666666667,5.8,1,2.4,4.105263158,4.475,0.15,1,3
Lance Stroll,Hungaroring,4.909,14,0,0,Racing Point,3,11.33333333,13.2,6.333333333,7.6,12.89473684,13.075,0.725,7,4
Alexander Albon,Hungaroring,4.909,14,0,0,Red Bull,13,4.666666667,6.6,2.666666667,2.4,9.736842105,9,0.318181818,3,5
Sergio Perez,Hungaroring,4.909,14,0,0,Racing Point,4,6.333333333,7.6,11.33333333,13.2,10.63157895,10.35,0.55,7,7
Carlos Sainz,Hungaroring,4.909,14,0,0,McLaren,9,9.333333333,7.8,6,6.6,9.473684211,9.95,0.575,4,9
Charles Leclerc,Hungaroring,4.909,14,0,0,Ferrari,6,13.66666667,12.6,15,16.4,6,9.725,0.475,2,11
Lando Norris,Hungaroring,4.909,14,0,0,McLaren,8,6,6.6,9.333333333,7.8,11.57894737,11.04545455,0.590909091,4,13
Esteban Ocon,Hungaroring,4.909,14,0,1,Renault,14,10,18,9,7.8,10,12.14285714,0.666666667,5,14
George Russell,Hungaroring,4.909,14,0,0,Williams,11,16.33333333,15.6,17,17,15.63157895,15.77272727,0.909090909,10,18
Pierre Gasly,Hungaroring,4.909,14,0,0,AlphaTauri,10,16,13.2,9.666666667,10.2,9.421052632,11.525,0.675,10,20
Max Verstappen,Silverstone Circuit,5.891,18,0,0,Red Bull,4,2.666666667,2.2,4.333333333,6.6,4.315789474,5.146341463,0.12195122,3,1
Lewis Hamilton,Silverstone Circuit,5.891,18,0,0,Mercedes,2,1,2.2,2.333333333,6.2,2.315789474,2.43902439,0.024390244,1,2
Valtteri Bottas,Silverstone Circuit,5.891,18,0,0,Mercedes,1,2.333333333,6.2,1,2.2,4.105263158,4.43902439,0.146341463,1,3
Charles Leclerc,Silverstone Circuit,5.891,18,0,0,Ferrari,8,16.33333333,14,15.33333333,13.6,6,9.585365854,0.463414634,2,4
Alexander Albon,Silverstone Circuit,5.891,18,0,0,Red Bull,9,4.333333333,6.6,2.666666667,2.2,9.736842105,8.826086957,0.304347826,3,5
Lance Stroll,Silverstone Circuit,5.891,18,0,0,Racing Point,6,6,11.4,10,13.5,12.89473684,12.90243902,0.707317073,7,6
Nico Hulkenberg,Silverstone Circuit,5.891,18,0,0,Racing Point,3,10,13.5,6,11.4,12.15789474,11.5,0.631578947,7,7
Esteban Ocon,Silverstone Circuit,5.891,18,0,1,Renault,11,10,16.66666667,8,8.2,10,11.95454545,0.636363636,5,8
Lando Norris,Silverstone Circuit,5.891,18,0,0,McLaren,10,7.666666667,7.8,9,8,11.57894737,10.95652174,0.565217391,4,9
Pierre Gasly,Silverstone Circuit,5.891,18,0,0,AlphaTauri,7,16.66666667,14,10.66666667,10.2,9.421052632,11.51219512,0.658536585,10,11
Carlos Sainz,Silverstone Circuit,5.891,18,0,0,McLaren,13,9,8,7.666666667,7.8,9.473684211,10.02439024,0.56097561,4,13
George Russell,Silverstone Circuit,5.891,18,0,0,Williams,15,16.66666667,15.8,17.66666667,17.66666667,15.63157895,15.86956522,0.913043478,10,18
Max Verstappen,Silverstone Circuit,5.891,18,0,0,Red Bull,4,2,2.2,4.666666667,4.8,4.315789474,5.047619048,0.119047619,3,1
Lewis Hamilton,Silverstone Circuit,5.891,18,0,0,Mercedes,2,1.333333333,1.2,2.666666667,2.8,2.315789474,2.428571429,0.023809524,1,2
Valtteri Bottas,Silverstone Circuit,5.891,18,0,0,Mercedes,1,2.666666667,2.8,1.333333333,1.2,4.105263158,4.404761905,0.142857143,1,3
Charles Leclerc,Silverstone Circuit,5.891,18,0,0,Ferrari,8,11.33333333,11.2,12.66666667,12.6,6,9.452380952,0.452380952,2,4
Alexander Albon,Silverstone Circuit,5.891,18,0,0,Red Bull,9,4.666666667,4.8,2,2.2,9.736842105,8.666666667,0.291666667,3,5
Lance Stroll,Silverstone Circuit,5.891,18,0,0,Racing Point,6,5.666666667,8.8,7,9.5,12.89473684,12.73809524,0.69047619,7,6
Nico Hulkenberg,Silverstone Circuit,5.891,18,0,0,Racing Point,3,7,9.5,5.666666667,8.8,12.15789474,11.38461538,0.615384615,7,7
Esteban Ocon,Silverstone Circuit,5.891,18,0,1,Renault,11,10,14.5,10,9.8,10,11.7826087,0.608695652,5,8
Lando Norris,Silverstone Circuit,5.891,18,0,0,McLaren,10,9,8,10.33333333,10,11.57894737,10.875,0.541666667,4,9
Pierre Gasly,Silverstone Circuit,5.891,18,0,0,AlphaTauri,7,15.33333333,15.8,10.66666667,10.2,9.421052632,11.5,0.642857143,10,11
Carlos Sainz,Silverstone Circuit,5.891,18,0,0,McLaren,13,10.33333333,10,9,8,9.473684211,10.0952381,0.547619048,4,13
George Russell,Silverstone Circuit,5.891,18,0,0,Williams,15,17.33333333,17,18.33333333,18,15.63157895,15.95833333,0.916666667,10,18
Lewis Hamilton,Circuit de Barcelona-Catalunya,4.657,16,0,0,Mercedes,1,1.666666667,1.4,3,2.6,2.315789474,2.395348837,0.023255814,1,1
Max Verstappen,Circuit de Barcelona-Catalunya,4.657,16,0,0,Red Bull,3,1.333333333,2,5,4.6,4.315789474,4.976744186,0.11627907,3,2
Valtteri Bottas,Circuit de Barcelona-Catalunya,4.657,16,0,0,Mercedes,2,3,2.6,1.666666667,1.4,4.105263158,4.372093023,0.139534884,1,3
Lance Stroll,Circuit de Barcelona-Catalunya,4.657,16,0,0,Racing Point,5,5.333333333,6,7,6.333333333,12.89473684,12.53488372,0.697674419,7,4
Sergio Perez,Circuit de Barcelona-Catalunya,4.657,16,0,0,Racing Point,4,7,6.333333333,5.333333333,6,10.63157895,10.2195122,0.56097561,7,5
Carlos Sainz,Circuit de Barcelona-Catalunya,4.657,16,0,0,McLaren,7,11.66666667,10.6,10.33333333,8.2,9.473684211,10,0.558139535,4,6
Alexander Albon,Circuit de Barcelona-Catalunya,4.657,16,0,0,Red Bull,9,5,4.6,1.333333333,2,9.736842105,8.64,0.32,3,8
Pierre Gasly,Circuit de Barcelona-Catalunya,4.657,16,0,0,AlphaTauri,6,14,14.4,10.66666667,10.4,9.421052632,11.44186047,0.651162791,10,9
Lando Norris,Circuit de Barcelona-Catalunya,4.657,16,0,0,McLaren,10,10.33333333,8.2,11.66666667,10.6,11.57894737,10.84,0.56,4,10
Esteban Ocon,Circuit de Barcelona-Catalunya,4.657,16,0,1,Renault,15,10,13.2,12,10.4,10,11.83333333,0.625,5,13
George Russell,Circuit de Barcelona-Catalunya,4.657,16,0,0,Williams,18,18,17.2,19,18.2,15.63157895,16,0.92,10,17
Charles Leclerc,Circuit de Barcelona-Catalunya,4.657,16,0,0,Ferrari,8,6.333333333,11.4,10,14,6,9.697674419,0.465116279,2,20
Pierre Gasly,Autodromo Nazionale di Monza,5.793,11,0,0,AlphaTauri,8,10.33333333,13.2,10.66666667,10.8,9.421052632,11.20454545,0.636363636,10,1
Carlos Sainz,Autodromo Nazionale di Monza,5.793,11,0,0,McLaren,3,10.66666667,10,9.333333333,9.2,9.473684211,9.818181818,0.545454545,4,2
Lance Stroll,Autodromo Nazionale di Monza,5.793,11,0,0,Racing Point,9,5.333333333,5.4,5,6,12.89473684,12.31818182,0.681818182,7,3
Lando Norris,Autodromo Nazionale di Monza,5.793,11,0,0,McLaren,6,9.333333333,9.2,10.66666667,10,11.57894737,10.57692308,0.538461538,4,4
Valtteri Bottas,Autodromo Nazionale di Monza,5.793,11,0,0,Mercedes,2,3,2.8,1.666666667,1.4,4.105263158,4.386363636,0.136363636,1,5
Lewis Hamilton,Autodromo Nazionale di Monza,5.793,11,0,0,Mercedes,1,1.666666667,1.4,3,2.8,2.315789474,2.5,0.022727273,1,7
Esteban Ocon,Autodromo Nazionale di Monza,5.793,11,0,1,Renault,12,10,12.2,13,11,10,11.68,0.6,5,8
Sergio Perez,Autodromo Nazionale di Monza,5.793,11,0,0,Racing Point,4,5,6,5.333333333,5.4,10.63157895,10.21428571,0.547619048,7,10
George Russell,Autodromo Nazionale di Monza,5.793,11,0,0,Williams,19,17.66666667,17.4,18.66666667,18.4,15.63157895,15.92307692,0.884615385,10,14
Alexander Albon,Autodromo Nazionale di Monza,5.793,11,0,0,Red Bull,10,6,5.4,1.333333333,1.8,9.736842105,8.884615385,0.307692308,3,15
Max Verstappen,Autodromo Nazionale di Monza,5.793,11,0,0,Red Bull,5,1.333333333,1.8,6,5.4,4.315789474,5.25,0.136363636,3,17
Charles Leclerc,Autodromo Nazionale di Monza,5.793,11,0,0,Ferrari,13,9.333333333,11.6,10.33333333,11.4,6,9.886363636,0.477272727,2,18
Lewis Hamilton,Autodromo Internazionale del Mugello,5.245,15,0,0,Mercedes,1,3.333333333,2.6,3.666666667,3.4,2.315789474,2.466666667,0.022222222,1,1
Valtteri Bottas,Autodromo Internazionale del Mugello,5.245,15,0,0,Mercedes,2,3.666666667,3.4,3.333333333,2.6,4.105263158,4.333333333,0.133333333,1,2
Alexander Albon,Autodromo Internazionale del Mugello,5.245,15,0,0,Red Bull,4,9.333333333,7.6,6.666666667,4.6,9.736842105,8.666666667,0.296296296,3,3
Sergio Perez,Autodromo Internazionale del Mugello,5.245,15,0,0,Racing Point,9,7.5,7.333333333,4.333333333,4.6,10.63157895,10.09302326,0.534883721,7,5
Lando Norris,Autodromo Internazionale del Mugello,5.245,15,0,0,McLaren,11,7.666666667,9,7,8.6,11.57894737,10.40740741,0.518518519,4,6
Charles Leclerc,Autodromo Internazionale del Mugello,5.245,15,0,0,Ferrari,6,14,11.4,13,11.4,6,9.844444444,0.466666667,2,8
George Russell,Autodromo Internazionale del Mugello,5.245,15,0,0,Williams,18,16.33333333,17,16,17.2,15.63157895,15.74074074,0.851851852,10,11
Lance Stroll,Autodromo Internazionale del Mugello,5.245,15,0,0,Racing Point,7,4.333333333,4.6,7.5,7.333333333,12.89473684,12.33333333,0.688888889,7,13
Esteban Ocon,Autodromo Internazionale del Mugello,5.245,15,0,1,Renault,8,10,10.2,10.33333333,10.6,10,11.76923077,0.615384615,5,14
Carlos Sainz,Autodromo Internazionale del Mugello,5.245,15,0,0,McLaren,10,7,8.6,7.666666667,9,9.473684211,10,0.555555556,4,18
Max Verstappen,Autodromo Internazionale del Mugello,5.245,15,0,0,Red Bull,3,6.666666667,4.6,9.333333333,7.6,4.315789474,5.555555556,0.155555556,3,19
Pierre Gasly,Autodromo Internazionale del Mugello,5.245,15,0,0,AlphaTauri,16,7,10.4,10.33333333,10.6,9.421052632,11.4,0.644444444,10,20
Valtteri Bottas,Sochi Autodrom,5.848,18,1,0,Mercedes,3,3.333333333,3.2,3,2.6,4.105263158,4.260869565,0.130434783,1,1
Max Verstappen,Sochi Autodrom,5.848,18,1,0,Red Bull,2,12.66666667,8,8.666666667,7.2,4.315789474,5.47826087,0.152173913,3,2
Lewis Hamilton,Sochi Autodrom,5.848,18,1,0,Mercedes,1,3,2.6,3.333333333,3.2,2.315789474,2.47826087,0.02173913,1,3
Sergio Perez,Sochi Autodrom,5.848,18,1,0,Racing Point,5,6.666666667,6.666666667,6.666666667,6.4,10.63157895,9.954545455,0.522727273,7,4
Charles Leclerc,Sochi Autodrom,5.848,18,1,0,Ferrari,11,15.33333333,10.8,12.33333333,12.2,6,9.760869565,0.456521739,2,6
Esteban Ocon,Sochi Autodrom,5.848,18,1,1,Renault,7,10,10.2,7,9.8,10,11.59259259,0.592592593,5,7
Pierre Gasly,Sochi Autodrom,5.848,18,1,0,AlphaTauri,9,10,10.4,9.333333333,9.6,9.421052632,11.34782609,0.630434783,10,9
Alexander Albon,Sochi Autodrom,5.848,18,1,0,Red Bull,10,8.666666667,7.2,12.66666667,8,9.736842105,8.714285714,0.285714286,3,10
Lando Norris,Sochi Autodrom,5.848,18,1,0,McLaren,8,6.666666667,7.6,8.666666667,10.4,11.57894737,10.57142857,0.535714286,4,15
George Russell,Sochi Autodrom,5.848,18,1,0,Williams,14,14,15.6,14.66666667,16.4,15.63157895,15.82142857,0.857142857,10,18
Carlos Sainz,Sochi Autodrom,5.848,18,1,0,McLaren,6,8.666666667,10.4,6.666666667,7.6,9.473684211,10.19565217,0.565217391,4,19
Lance Stroll,Sochi Autodrom,5.848,18,1,0,Racing Point,13,6.666666667,6.4,6.666666667,6.666666667,12.89473684,12.5,0.695652174,7,20
Valtteri Bottas,Hockenheimring,4.574,17,0,0,Mercedes,3,2.666666667,2.8,3.666666667,2.8,4.105263158,4.191489362,0.127659574,1,1
Max Verstappen,Hockenheimring,4.574,17,0,0,Red Bull,2,12.66666667,8.2,9.333333333,8.2,4.315789474,5.404255319,0.14893617,3,2
Lewis Hamilton,Hockenheimring,4.574,17,0,0,Mercedes,1,3.666666667,2.8,2.666666667,2.8,2.315789474,2.489361702,0.021276596,1,3
Sergio Perez,Hockenheimring,4.574,17,0,0,Racing Point,5,6.333333333,6,12,9.2,10.63157895,9.822222222,0.511111111,7,4
Charles Leclerc,Hockenheimring,4.574,17,0,0,Ferrari,11,10.66666667,11.2,14.33333333,12.4,6,9.680851064,0.446808511,2,6
Esteban Ocon,Hockenheimring,4.574,17,0,1,Renault,7,10,10,5,8,10,11.42857143,0.571428571,5,7
Pierre Gasly,Hockenheimring,4.574,17,0,0,AlphaTauri,9,10,10,8,9.2,9.421052632,11.29787234,0.617021277,10,9
Alexander Albon,Hockenheimring,4.574,17,0,0,Red Bull,10,9.333333333,8.2,12.66666667,8.2,9.736842105,8.75862069,0.275862069,3,10
Lando Norris,Hockenheimring,4.574,17,0,0,McLaren,8,8.333333333,8.8,13,11.6,11.57894737,10.72413793,0.551724138,4,15
George Russell,Hockenheimring,4.574,17,0,0,Williams,14,14.33333333,15.6,14,15.8,15.63157895,15.89655172,0.862068966,10,18
Carlos Sainz,Hockenheimring,4.574,17,0,0,McLaren,6,13,11.6,8.333333333,8.8,9.473684211,10.38297872,0.574468085,4,19
Lance Stroll,Hockenheimring,4.574,17,0,0,Racing Point,13,12,9.2,6.333333333,6,12.89473684,12.65957447,0.70212766,7,20
Lewis Hamilton,Autodromo Enzo e Dino Ferrari,4.909,19,0,0,Mercedes,2,2.333333333,3,1.333333333,2.4,2.315789474,2.458333333,0.020833333,1,1
Valtteri Bottas,Autodromo Enzo e Dino Ferrari,4.909,19,0,0,Mercedes,1,1.333333333,2.4,2.333333333,3,4.105263158,4.145833333,0.125,1,2
Charles Leclerc,Autodromo Enzo e Dino Ferrari,4.909,19,0,0,Ferrari,7,6.666666667,11.6,12,12.6,6,9.583333333,0.4375,2,5
Sergio Perez,Autodromo Enzo e Dino Ferrari,4.909,19,0,0,Racing Point,11,4.333333333,5.6,17.66666667,12,10.63157895,9.739130435,0.5,7,6
Carlos Sainz,Autodromo Enzo e Dino Ferrari,4.909,19,0,0,McLaren,10,18.66666667,12.8,12,10,9.473684211,10.3125,0.5625,4,7
Lando Norris,Autodromo Enzo e Dino Ferrari,4.909,19,0,0,McLaren,9,12,10,18.66666667,12.8,11.57894737,10.63333333,0.533333333,4,8
Lance Stroll,Autodromo Enzo e Dino Ferrari,4.909,19,0,0,Racing Point,15,17.66666667,12,4.333333333,5.6,12.89473684,12.66666667,0.6875,7,13
Alexander Albon,Autodromo Enzo e Dino Ferrari,4.909,19,0,0,Red Bull,6,7.666666667,9.2,7.666666667,8.4,9.736842105,8.966666667,0.266666667,3,15
George Russell,Autodromo Enzo e Dino Ferrari,4.909,19,0,0,Williams,14,15.66666667,15.6,15.66666667,15.2,15.63157895,15.9,0.866666667,10,16
Max Verstappen,Autodromo Enzo e Dino Ferrari,4.909,19,0,0,Red Bull,3,7.666666667,8.4,7.666666667,9.2,4.315789474,5.645833333,0.166666667,3,17
Esteban Ocon,Autodromo Enzo e Dino Ferrari,4.909,19,0,1,Renault,12,10,9.8,4.666666667,6.2,10,11.68965517,0.586206897,5,19
Pierre Gasly,Autodromo Enzo e Dino Ferrari,4.909,19,0,0,AlphaTauri,4,12.66666667,9.6,7.666666667,8.8,9.421052632,11.47916667,0.625,10,20
Lewis Hamilton,Istanbul Park,5.338,14,0,0,Mercedes,6,2.333333333,3,1.333333333,2.2,2.315789474,2.428571429,0.020408163,1,1
Sergio Perez,Istanbul Park,5.338,14,0,0,Racing Point,3,4.666666667,5.8,17.66666667,13.8,10.63157895,9.574468085,0.489361702,7,2
Charles Leclerc,Istanbul Park,5.338,14,0,0,Ferrari,14,5.666666667,8.6,12.66666667,13.6,6,9.469387755,0.428571429,2,4
Carlos Sainz,Istanbul Park,5.338,14,0,0,McLaren,13,15,13,12.66666667,9.6,9.473684211,10.20408163,0.551020408,4,5
Max Verstappen,Istanbul Park,5.338,14,0,0,Red Bull,2,7,11.4,11.66666667,10.6,4.315789474,5.653061224,0.163265306,3,6
Alexander Albon,Istanbul Park,5.338,14,0,0,Red Bull,4,11.66666667,10.6,7,11.4,9.736842105,8.903225806,0.258064516,3,7
Lando Norris,Istanbul Park,5.338,14,0,0,McLaren,11,12.66666667,9.6,15,13,11.57894737,10.5483871,0.516129032,4,8
Lance Stroll,Istanbul Park,5.338,14,0,0,Racing Point,1,17.66666667,13.8,4.666666667,5.8,12.89473684,12.59183673,0.673469388,7,9
Esteban Ocon,Istanbul Park,5.338,14,0,1,Renault,7,10,11,4.333333333,4.6,10,11.66666667,0.6,5,11
Pierre Gasly,Istanbul Park,5.338,14,0,0,AlphaTauri,15,12.66666667,11.8,6.666666667,7.2,9.421052632,11.51020408,0.632653061,10,13
Valtteri Bottas,Istanbul Park,5.338,14,0,0,Mercedes,9,1.333333333,2.2,2.333333333,3,4.105263158,4.346938776,0.142857143,1,14
George Russell,Istanbul Park,5.338,14,0,0,Williams,18,17.33333333,15.4,14.33333333,13.8,15.63157895,15.90322581,0.870967742,10,16
Sergio Perez,Bahrain International Circuit,5.412,15,0,0,Racing Point,5,4,4.2,14,15,10.63157895,9.395833333,0.479166667,7,1
Esteban Ocon,Bahrain International Circuit,5.412,15,0,1,Renault,11,10,11.6,6,5.4,10,11.35483871,0.580645161,5,2
Lance Stroll,Bahrain International Circuit,5.412,15,0,0,Racing Point,7,14,15,4,4.2,12.89473684,12.4,0.66,7,3
Carlos Sainz,Bahrain International Circuit,5.412,15,0,0,McLaren,6,10.33333333,13.6,10.33333333,10.4,9.473684211,10.08,0.54,4,4
Alexander Albon,Bahrain International Circuit,5.412,15,0,0,Red Bull,12,10.66666667,9,8.333333333,9.2,9.736842105,8.8125,0.25,3,6
Valtteri Bottas,Bahrain International Circuit,5.412,15,0,0,Mercedes,1,5.666666667,4,8.333333333,9.2,4.105263158,4.42,0.14,1,8
George Russell,Bahrain International Circuit,5.412,15,0,0,Williams,2,16.66666667,15.8,15.33333333,15.4,15.63157895,15.6875,0.84375,10,9
Lando Norris,Bahrain International Circuit,5.412,15,0,0,McLaren,14,10.33333333,10.4,10.33333333,13.6,11.57894737,10.53125,0.5,4,10
Pierre Gasly,Bahrain International Circuit,5.412,15,0,0,AlphaTauri,10,14,14.2,8,7.8,9.421052632,11.5,0.62,10,11
Max Verstappen,Bahrain International Circuit,5.412,15,0,0,Red Bull,3,8.333333333,9.2,10.66666667,9,4.315789474,5.92,0.18,3,19
Charles Leclerc,Bahrain International Circuit,5.412,15,0,0,Ferrari,4,5,5.8,9.333333333,10.2,6,9.68,0.44,2,20
Sergio Perez,Bahrain International Circuit,5.412,15,0,0,Racing Point,5,3,3.4,8.333333333,13,10.63157895,9.224489796,0.469387755,7,1
Esteban Ocon,Bahrain International Circuit,5.412,15,0,1,Renault,11,10,9.2,6,5.6,10,11.0625,0.5625,5,2
Lance Stroll,Bahrain International Circuit,5.412,15,0,0,Racing Point,7,8.333333333,13,3,3.4,12.89473684,12.21568627,0.647058824,7,3
Carlos Sainz,Bahrain International Circuit,5.412,15,0,0,McLaren,6,5.333333333,10.8,8.666666667,11.2,9.473684211,9.960784314,0.529411765,4,4
Alexander Albon,Bahrain International Circuit,5.412,15,0,0,Red Bull,12,9.333333333,9.6,14,9.2,9.736842105,8.727272727,0.242424242,3,6
Valtteri Bottas,Bahrain International Circuit,5.412,15,0,0,Mercedes,1,8,5.2,14,9.2,4.105263158,4.490196078,0.137254902,1,8
George Russell,Bahrain International Circuit,5.412,15,0,0,Williams,2,13.66666667,15.4,16,16,15.63157895,15.48484848,0.818181818,10,9
Lando Norris,Bahrain International Circuit,5.412,15,0,0,McLaren,14,8.666666667,11.2,5.333333333,10.8,11.57894737,10.51515152,0.484848485,4,10
Pierre Gasly,Bahrain International Circuit,5.412,15,0,0,AlphaTauri,10,14.66666667,12.4,7.666666667,7.8,9.421052632,11.49019608,0.607843137,10,11
Max Verstappen,Bahrain International Circuit,5.412,15,0,0,Red Bull,3,14,9.2,9.333333333,9.6,4.315789474,6.176470588,0.196078431,3,19
Charles Leclerc,Bahrain International Circuit,5.412,15,0,0,Ferrari,4,9.666666667,8.2,9,10.6,6,9.882352941,0.450980392,2,20
Max Verstappen,Yas Marina Circuit,5.281,16,0,0,Red Bull,1,14.66666667,12.6,6.333333333,8.8,4.315789474,6.076923077,0.192307692,3,1
Valtteri Bottas,Yas Marina Circuit,5.281,16,0,0,Mercedes,2,10,6.6,1,1.666666667,4.105263158,4.442307692,0.134615385,1,2
Lewis Hamilton,Yas Marina Circuit,5.281,16,0,0,Mercedes,3,1,1.666666667,10,6.6,2.315789474,2.44,0.02,1,3
Alexander Albon,Yas Marina Circuit,5.281,16,0,0,Red Bull,5,6.333333333,8.8,14.66666667,12.6,9.736842105,8.588235294,0.235294118,3,4
Lando Norris,Yas Marina Circuit,5.281,16,0,0,McLaren,4,9.333333333,10.2,4.333333333,7.8,11.57894737,10.35294118,0.470588235,4,5
Carlos Sainz,Yas Marina Circuit,5.281,16,0,0,McLaren,6,4.333333333,7.8,9.333333333,10.2,9.473684211,9.884615385,0.519230769,4,6
Pierre Gasly,Yas Marina Circuit,5.281,16,0,0,AlphaTauri,11,11.66666667,12.8,8.666666667,7.6,9.421052632,11.42307692,0.596153846,10,8
Esteban Ocon,Yas Marina Circuit,5.281,16,0,1,Renault,12,10,8.2,6.666666667,5.6,10,11,0.545454545,5,9
Lance Stroll,Yas Marina Circuit,5.281,16,0,0,Racing Point,10,5,9.6,1.333333333,2.8,12.89473684,12.17307692,0.634615385,7,10
Charles Leclerc,Yas Marina Circuit,5.281,16,0,0,Ferrari,7,14.66666667,11,9,10.4,6,9.942307692,0.461538462,2,13
George Russell,Yas Marina Circuit,5.281,16,0,0,Williams,18,11.33333333,13.6,18.33333333,16.4,15.63157895,15.47058824,0.823529412,10,15
Sergio Perez,Yas Marina Circuit,5.281,16,0,0,Racing Point,9,1.333333333,2.8,5,9.6,10.63157895,9.44,0.48,7,20
Lewis Hamilton,Bahrain International Circuit,5.412,15,0,0,Mercedes,2,3,1.666666667,11,13,2.076923077,2.411764706,0.019607843,1,1
Max Verstappen,Bahrain International Circuit,5.412,15,0,0,Red Bull,1,13,12.4,7.333333333,6,7.6,6,0.188679245,2,2
Valtteri Bottas,Bahrain International Circuit,5.412,15,0,0,Mercedes,3,6,6.8,11,13,3.933333333,4.41509434,0.132075472,1,3
Lando Norris,Bahrain International Circuit,5.412,15,0,0,McLaren,7,8.333333333,8.2,5.666666667,6,8.8,10.17142857,0.457142857,3,4
Sergio Perez,Bahrain International Circuit,5.412,15,0,0,Red Bull,12,7.333333333,6,13,12.4,5.923076923,9.352941176,0.470588235,2,5
Charles Leclerc,Bahrain International Circuit,5.412,15,0,0,Ferrari,4,17.66666667,12.4,4.666666667,5.2,11.8,9.867924528,0.452830189,6,6
Carlos Sainz,Bahrain International Circuit,5.412,15,0,0,Ferrari,8,4.666666667,5.2,17.66666667,12.4,9.533333333,9.849056604,0.509433962,6,8
Lance Stroll,Bahrain International Circuit,5.412,15,0,0,Aston Martin,10,5.333333333,7.6,12.66666667,10.6,8.533333333,12.13207547,0.622641509,10,10
Esteban Ocon,Bahrain International Circuit,5.412,15,0,0,Alpine F1 Team,16,4.333333333,8.6,10,10,10.53333333,11.05882353,0.558823529,10,13
George Russell,Bahrain International Circuit,5.412,15,0,0,Mercedes,15,11,13,6,6.8,15.26666667,15.42857143,0.828571429,1,14
Pierre Gasly,Bahrain International Circuit,5.412,15,0,0,AlphaTauri,5,10,12.6,10,10,12.2,11.52830189,0.603773585,7,17
Fernando Alonso,Bahrain International Circuit,5.412,15,0,1,Alpine F1 Team,9,10,10,4.333333333,8.6,10,13.05263158,0.789473684,10,19
Max Verstappen,Autodromo Enzo e Dino Ferrari,4.909,19,0,0,Red Bull,4,7.333333333,9.4,8.666666667,5.8,7.6,5.907407407,0.185185185,2,1
Lewis Hamilton,Autodromo Enzo e Dino Ferrari,4.909,19,0,0,Mercedes,1,2,1.666666667,12.66666667,12.6,2.076923077,2.403846154,0.019230769,1,2
Lando Norris,Autodromo Enzo e Dino Ferrari,4.909,19,0,0,McLaren,3,6.333333333,7.4,6.333333333,6.8,8.8,9.972222222,0.444444444,3,3
Charles Leclerc,Autodromo Enzo e Dino Ferrari,4.909,19,0,0,Ferrari,6,13,12.6,6,5.4,11.8,9.759259259,0.444444444,6,4
Carlos Sainz,Autodromo Enzo e Dino Ferrari,4.909,19,0,0,Ferrari,11,6,5.4,13,12.6,9.533333333,9.759259259,0.5,6,5
Pierre Gasly,Autodromo Enzo e Dino Ferrari,4.909,19,0,0,AlphaTauri,7,12,12,9,9,12.2,11.44444444,0.592592593,7,7
Lance Stroll,Autodromo Enzo e Dino Ferrari,4.909,19,0,0,Aston Martin,10,7.666666667,7,13.66666667,11.2,8.533333333,12.05555556,0.611111111,10,8
Esteban Ocon,Autodromo Enzo e Dino Ferrari,4.909,19,0,0,Alpine F1 Team,9,8,7.4,19,19,10.53333333,11,0.542857143,10,9
Fernando Alonso,Autodromo Enzo e Dino Ferrari,4.909,19,0,1,Alpine F1 Team,15,10,19,8,7.4,10,12.9,0.75,10,10
Sergio Perez,Autodromo Enzo e Dino Ferrari,4.909,19,0,0,Red Bull,2,8.666666667,5.8,7.333333333,9.4,5.923076923,9.384615385,0.461538462,2,11
Valtteri Bottas,Autodromo Enzo e Dino Ferrari,4.909,19,0,0,Mercedes,5,4.333333333,7,12.66666667,12.6,3.933333333,4.666666667,0.148148148,1,18
George Russell,Autodromo Enzo e Dino Ferrari,4.909,19,0,0,Mercedes,12,12.66666667,12.6,4.333333333,7,15.26666667,15.52777778,0.833333333,1,19
Lewis Hamilton,Circuit de Barcelona-Catalunya,4.657,16,0,0,Mercedes,1,2,2,16,13.2,2.076923077,2.377358491,0.018867925,1,1
Max Verstappen,Circuit de Barcelona-Catalunya,4.657,16,0,0,Red Bull,2,1.333333333,8.4,12,7.6,7.6,5.836363636,0.181818182,2,2
Valtteri Bottas,Circuit de Barcelona-Catalunya,4.657,16,0,0,Mercedes,3,7.666666667,7.8,16,13.2,3.933333333,4.636363636,0.145454545,1,3
Charles Leclerc,Circuit de Barcelona-Catalunya,4.657,16,0,0,Ferrari,4,7.666666667,12.6,6.333333333,5.4,11.8,9.654545455,0.436363636,6,4
Sergio Perez,Circuit de Barcelona-Catalunya,4.657,16,0,0,Red Bull,8,12,7.6,1.333333333,8.4,5.923076923,9.301886792,0.452830189,2,5
Carlos Sainz,Circuit de Barcelona-Catalunya,4.657,16,0,0,Ferrari,6,6.333333333,5.4,7.666666667,12.6,9.533333333,9.709090909,0.490909091,6,7
Lando Norris,Circuit de Barcelona-Catalunya,4.657,16,0,0,McLaren,9,4,6.4,6.666666667,6,8.8,9.918918919,0.459459459,3,8
Esteban Ocon,Circuit de Barcelona-Catalunya,4.657,16,0,0,Alpine F1 Team,5,10.33333333,7,14.5,14.5,10.53333333,10.94444444,0.555555556,10,9
Pierre Gasly,Circuit de Barcelona-Catalunya,4.657,16,0,0,AlphaTauri,12,10.66666667,10.8,10.5,10.5,12.2,11.41818182,0.6,7,10
Lance Stroll,Circuit de Barcelona-Catalunya,4.657,16,0,0,Aston Martin,11,9.333333333,6.8,14.66666667,13.6,8.533333333,12.03636364,0.618181818,10,11
George Russell,Circuit de Barcelona-Catalunya,4.657,16,0,0,Mercedes,15,16,13.2,7.666666667,7.8,15.26666667,15.48648649,0.837837838,1,14
Fernando Alonso,Circuit de Barcelona-Catalunya,4.657,16,0,1,Alpine F1 Team,10,10,14.5,10.33333333,7,10,13.0952381,0.761904762,10,17
Max Verstappen,Circuit de Monaco,3.337,19,1,0,Red Bull,2,1.666666667,5,7,8.4,7.6,5.75,0.178571429,2,1
Carlos Sainz,Circuit de Monaco,3.337,19,1,0,Ferrari,4,6.666666667,6,4.666666667,9.4,9.533333333,9.571428571,0.482142857,6,2
Lando Norris,Circuit de Monaco,3.337,19,1,0,McLaren,5,5,6,6.333333333,6.2,8.8,9.736842105,0.447368421,3,3
Sergio Perez,Circuit de Monaco,3.337,19,1,0,Red Bull,7,7,8.4,1.666666667,5,5.923076923,9.203703704,0.444444444,2,4
Pierre Gasly,Circuit de Monaco,3.337,19,1,0,AlphaTauri,6,11.33333333,10.6,13.66666667,13.66666667,12.2,11.32142857,0.589285714,7,6
Lewis Hamilton,Circuit de Monaco,3.337,19,1,0,Mercedes,8,1.333333333,1.75,8,6.8,2.076923077,2.462962963,0.018518519,1,7
Lance Stroll,Circuit de Monaco,3.337,19,1,0,Aston Martin,13,9.666666667,8.4,14.33333333,13.8,8.533333333,11.96428571,0.625,10,8
Esteban Ocon,Circuit de Monaco,3.337,19,1,0,Alpine F1 Team,11,10.33333333,8.4,15.33333333,15.33333333,10.53333333,10.89189189,0.567567568,10,9
Fernando Alonso,Circuit de Monaco,3.337,19,1,1,Alpine F1 Team,17,10,15.33333333,10.33333333,8.4,10,13.09090909,0.772727273,10,13
George Russell,Circuit de Monaco,3.337,19,1,0,Mercedes,15,15.66666667,14.2,8,6.8,15.26666667,15.44736842,0.842105263,1,14
Valtteri Bottas,Circuit de Monaco,3.337,19,1,0,Mercedes,3,8,6.8,15.66666667,14.2,3.933333333,4.892857143,0.160714286,1,19
Charles Leclerc,Circuit de Monaco,3.337,19,1,0,Ferrari,1,4.666666667,9.4,6.666666667,6,11.8,9.839285714,0.446428571,6,20
Sergio Perez,Baku City Circuit,6.003,20,1,0,Red Bull,6,6.666666667,9,1.333333333,1.4,5.923076923,9.054545455,0.436363636,2,1
Pierre Gasly,Baku City Circuit,6.003,20,1,0,AlphaTauri,4,7.666666667,9.6,16,14.25,12.2,11.1754386,0.578947368,7,3
Charles Leclerc,Baku City Circuit,6.003,20,1,0,Ferrari,1,9.333333333,9.4,4.666666667,5.6,11.8,9.736842105,0.438596491,6,4
Lando Norris,Baku City Circuit,6.003,20,1,0,McLaren,8,4.666666667,4.6,8,7.6,8.8,9.615384615,0.435897436,3,5
Fernando Alonso,Baku City Circuit,6.003,20,1,1,Alpine F1 Team,10,10,14.75,9,9.8,10,12.7826087,0.739130435,10,6
Carlos Sainz,Baku City Circuit,6.003,20,1,0,Ferrari,5,4.666666667,5.6,9.333333333,9.4,9.533333333,9.543859649,0.473684211,6,8
Valtteri Bottas,Baku City Circuit,6.003,20,1,0,Mercedes,9,13.33333333,9,15.66666667,15.2,3.933333333,5.01754386,0.157894737,1,12
Lewis Hamilton,Baku City Circuit,6.003,20,1,0,Mercedes,2,3.333333333,2.8,15.66666667,15.2,2.076923077,2.690909091,0.018181818,1,15
George Russell,Baku City Circuit,6.003,20,1,0,Mercedes,15,15.66666667,15.2,3.333333333,2.8,15.26666667,15.48717949,0.846153846,1,17
Max Verstappen,Baku City Circuit,6.003,20,1,0,Red Bull,3,1.333333333,1.4,6.666666667,9,7.6,5.964912281,0.192982456,2,18
Lance Stroll,Baku City Circuit,6.003,20,1,0,Aston Martin,20,9,9.4,11,12.4,8.533333333,12.0877193,0.631578947,10,19
Esteban Ocon,Baku City Circuit,6.003,20,1,0,Alpine F1 Team,12,9,9.8,13.33333333,14.75,10.53333333,11.13157895,0.578947368,10,20
Max Verstappen,Circuit Paul Ricard,5.842,15,0,0,Red Bull,1,7,4.8,3.333333333,5.2,7.6,5.879310345,0.189655172,2,1
Lewis Hamilton,Circuit Paul Ricard,5.842,15,0,0,Mercedes,2,7.666666667,5.2,15,15.6,2.076923077,2.678571429,0.017857143,1,2
Sergio Perez,Circuit Paul Ricard,5.842,15,0,0,Red Bull,4,3.333333333,5.2,7,4.8,5.923076923,8.946428571,0.428571429,2,3
Valtteri Bottas,Circuit Paul Ricard,5.842,15,0,0,Mercedes,3,11.33333333,11,15,15.6,3.933333333,5,0.155172414,1,4
Lando Norris,Circuit Paul Ricard,5.842,15,0,0,McLaren,8,5.333333333,4.6,9,8,8.8,9.5,0.425,3,5
Pierre Gasly,Circuit Paul Ricard,5.842,15,0,0,AlphaTauri,6,6.333333333,8.6,14.33333333,12.8,12.2,11.10344828,0.568965517,7,7
Fernando Alonso,Circuit Paul Ricard,5.842,15,0,1,Alpine F1 Team,9,10,13,12.66666667,12,10,12.58333333,0.708333333,10,8
Lance Stroll,Circuit Paul Ricard,5.842,15,0,0,Aston Martin,15,12.66666667,11.2,6.666666667,10,8.533333333,12.05172414,0.620689655,10,10
Carlos Sainz,Circuit Paul Ricard,5.842,15,0,0,Ferrari,5,5.666666667,6,9.333333333,7.6,9.533333333,9.568965517,0.465517241,6,11
George Russell,Circuit Paul Ricard,5.842,15,0,0,Mercedes,14,15,15.6,11.33333333,11,15.26666667,15.4,0.85,1,12
Esteban Ocon,Circuit Paul Ricard,5.842,15,0,0,Alpine F1 Team,11,12.66666667,12,12,13,10.53333333,11.20512821,0.58974359,10,14
Charles Leclerc,Circuit Paul Ricard,5.842,15,0,0,Ferrari,7,9.333333333,7.6,5.666666667,6,11.8,9.844827586,0.448275862,6,16
Max Verstappen,Red Bull Ring,4.318,10,0,0,Red Bull,1,6.666666667,4.6,2.666666667,4.8,7.6,5.796610169,0.186440678,2,1
Lewis Hamilton,Red Bull Ring,4.318,10,0,0,Mercedes,3,8,5.4,14.33333333,15.2,2.076923077,2.666666667,0.01754386,1,2
Valtteri Bottas,Red Bull Ring,4.318,10,0,0,Mercedes,2,11.66666667,11.2,14.33333333,15.2,3.933333333,4.966101695,0.152542373,1,3
Sergio Perez,Red Bull Ring,4.318,10,0,0,Red Bull,5,2.666666667,4.8,6.666666667,4.6,5.923076923,8.859649123,0.421052632,2,4
Lando Norris,Red Bull Ring,4.318,10,0,0,McLaren,4,4.333333333,4.8,9,7.8,8.8,9.390243902,0.43902439,3,5
Carlos Sainz,Red Bull Ring,4.318,10,0,0,Ferrari,12,7,6.6,13.33333333,9.6,9.533333333,9.508474576,0.474576271,6,6
Charles Leclerc,Red Bull Ring,4.318,10,0,0,Ferrari,7,13.33333333,9.6,7,6.6,11.8,9.796610169,0.457627119,6,7
Lance Stroll,Red Bull Ring,4.318,10,0,0,Aston Martin,10,12.33333333,11.2,5.333333333,8.8,8.533333333,11.98305085,0.627118644,10,8
Fernando Alonso,Red Bull Ring,4.318,10,0,1,Alpine F1 Team,9,10,10.8,14.33333333,12.2,10,12.44,0.72,10,9
Esteban Ocon,Red Bull Ring,4.318,10,0,0,Alpine F1 Team,17,14.33333333,12.2,9,10.8,10.53333333,11.275,0.6,10,14
George Russell,Red Bull Ring,4.318,10,0,0,Mercedes,11,14.33333333,15.2,11.66666667,11.2,15.26666667,15.48780488,0.853658537,1,19
Pierre Gasly,Red Bull Ring,4.318,10,0,0,AlphaTauri,6,5.333333333,6.6,12,13.6,12.2,11.25423729,0.576271186,7,20
Max Verstappen,Red Bull Ring,4.318,10,0,0,Red Bull,1,6.666666667,4.6,2.666666667,3.4,7.6,5.716666667,0.183333333,2,1
Lewis Hamilton,Red Bull Ring,4.318,10,0,0,Mercedes,3,6.333333333,5.4,16,15.2,2.076923077,2.655172414,0.017241379,1,2
Valtteri Bottas,Red Bull Ring,4.318,10,0,0,Mercedes,2,6.333333333,8.2,16,15.2,3.933333333,4.933333333,0.15,1,3
Sergio Perez,Red Bull Ring,4.318,10,0,0,Red Bull,5,2.666666667,3.4,6.666666667,4.6,5.923076923,8.775862069,0.413793103,2,4
Lando Norris,Red Bull Ring,4.318,10,0,0,McLaren,4,5,5.2,9.333333333,9.2,8.8,9.285714286,0.452380952,3,5
Carlos Sainz,Red Bull Ring,4.318,10,0,0,Ferrari,12,8.333333333,6.8,9,10.2,9.533333333,9.45,0.483333333,6,6
Charles Leclerc,Red Bull Ring,4.318,10,0,0,Ferrari,7,9,10.2,8.333333333,6.8,11.8,9.75,0.466666667,6,7
Lance Stroll,Red Bull Ring,4.318,10,0,0,Aston Martin,10,12.33333333,11.2,7.666666667,8.2,8.533333333,11.91666667,0.633333333,10,8
Fernando Alonso,Red Bull Ring,4.318,10,0,1,Alpine F1 Team,9,10,10.6,16,13.2,10,12.30769231,0.730769231,10,9
Esteban Ocon,Red Bull Ring,4.318,10,0,0,Alpine F1 Team,17,16,13.2,7.666666667,10.6,10.53333333,11.34146341,0.609756098,10,14
George Russell,Red Bull Ring,4.318,10,0,0,Mercedes,11,16,15.2,6.333333333,8.2,15.26666667,15.57142857,0.857142857,1,19
Pierre Gasly,Red Bull Ring,4.318,10,0,0,AlphaTauri,6,10,9.2,10,13.2,12.2,11.4,0.583333333,7,20
Lewis Hamilton,Silverstone Circuit,5.891,18,0,0,Mercedes,6,2,5.6,16.66666667,16.2,2.076923077,2.627118644,0.016949153,1,1
Charles Leclerc,Silverstone Circuit,5.891,18,0,0,Ferrari,6,10,10.8,7.666666667,6.6,11.8,9.62295082,0.459016393,6,2
Valtteri Bottas,Silverstone Circuit,5.891,18,0,0,Mercedes,6,3.333333333,8.2,16.66666667,16.2,3.933333333,4.901639344,0.147540984,1,3
Lando Norris,Silverstone Circuit,5.891,18,0,0,McLaren,6,5,4.6,10.66666667,10.6,8.8,9.162790698,0.441860465,3,4
Carlos Sainz,Silverstone Circuit,5.891,18,0,0,Ferrari,6,7.666666667,6.6,10,10.8,9.533333333,9.393442623,0.475409836,6,6
Fernando Alonso,Silverstone Circuit,5.891,18,0,1,Alpine F1 Team,6,10,9,14,14.2,10,12.11111111,0.703703704,10,7
Lance Stroll,Silverstone Circuit,5.891,18,0,0,Aston Martin,6,8.666666667,10.6,11,8,8.533333333,11.85245902,0.62295082,10,8
Esteban Ocon,Silverstone Circuit,5.891,18,0,0,Alpine F1 Team,6,14,14.2,8.666666667,9,10.53333333,11.28571429,0.595238095,10,9
Pierre Gasly,Silverstone Circuit,5.891,18,0,0,AlphaTauri,6,15.66666667,11.2,11,11.2,12.2,11.39344262,0.573770492,7,11
George Russell,Silverstone Circuit,5.891,18,0,0,Mercedes,6,16.66666667,16.2,3.333333333,8.2,15.26666667,15.48837209,0.860465116,1,12
Sergio Perez,Silverstone Circuit,5.891,18,0,0,Red Bull,6,3.666666667,3.2,1,4.4,5.923076923,8.898305085,0.423728814,2,16
Max Verstappen,Silverstone Circuit,5.891,18,0,0,Red Bull,6,1,4.4,3.666666667,3.2,7.6,5.950819672,0.196721311,2,20
Esteban Ocon,Hungaroring,4.909,14,0,0,Alpine F1 Team,10,12.33333333,14.2,8.333333333,7.8,10.53333333,11.04651163,0.581395349,10,1
Lewis Hamilton,Hungaroring,4.909,14,0,0,Mercedes,1,1.666666667,4.4,3,5,2.076923077,2.616666667,0.016666667,1,2
Carlos Sainz,Hungaroring,4.909,14,0,0,Ferrari,9,6,7.4,5.333333333,7.2,9.533333333,9.290322581,0.467741935,6,3
Fernando Alonso,Hungaroring,4.909,14,0,1,Alpine F1 Team,8,10,7.8,12.33333333,14.2,10,11.82142857,0.678571429,10,4
Pierre Gasly,Hungaroring,4.909,14,0,0,AlphaTauri,5,17,12.2,10,10,12.2,11.29032258,0.564516129,7,5
George Russell,Hungaroring,4.909,14,0,0,Mercedes,17,16.66666667,15.8,3,5,15.26666667,15.31818182,0.840909091,1,8
Max Verstappen,Hungaroring,4.909,14,0,0,Red Bull,2,7.333333333,8.2,8,5.6,7.6,6,0.193548387,2,9
Lando Norris,Hungaroring,4.909,14,0,0,McLaren,4,4.666666667,4.8,10.33333333,9.2,8.8,9.295454545,0.454545455,3,15
Valtteri Bottas,Hungaroring,4.909,14,0,0,Mercedes,3,3,5,16.66666667,15.8,3.933333333,5.080645161,0.161290323,1,16
Sergio Perez,Hungaroring,4.909,14,0,0,Red Bull,6,8,5.6,7.333333333,8.2,5.923076923,9.033333333,0.433333333,2,17
Charles Leclerc,Hungaroring,4.909,14,0,0,Ferrari,7,5.333333333,7.2,6,7.4,11.8,9.758064516,0.467741935,6,18
Lance Stroll,Hungaroring,4.909,14,0,0,Aston Martin,13,8,10.6,14.33333333,10.8,8.533333333,11.96774194,0.629032258,10,19
Max Verstappen,Circuit Park Zandvoort,4.259,14,0,0,Red Bull,1,10,6.4,12.33333333,8.8,7.6,5.920634921,0.19047619,2,1
Lewis Hamilton,Circuit Park Zandvoort,4.259,14,0,0,Mercedes,2,1.666666667,1.8,13,14,2.076923077,2.606557377,0.016393443,1,2
Valtteri Bottas,Circuit Park Zandvoort,4.259,14,0,0,Mercedes,3,7.333333333,5.8,13,14,3.933333333,5.047619048,0.158730159,1,3
Pierre Gasly,Circuit Park Zandvoort,4.259,14,0,0,AlphaTauri,5,12,12.6,8.666666667,9.8,12.2,11.17460317,0.571428571,7,4
Charles Leclerc,Circuit Park Zandvoort,4.259,14,0,0,Ferrari,4,9,10,5,6.4,11.8,9.682539683,0.476190476,6,5
Fernando Alonso,Circuit Park Zandvoort,4.259,14,0,1,Alpine F1 Team,10,10,7.4,8,10.4,10,11.62068966,0.689655172,10,6
Carlos Sainz,Circuit Park Zandvoort,4.259,14,0,0,Ferrari,6,5,6.4,9,10,9.533333333,9.253968254,0.476190476,6,7
Sergio Perez,Circuit Park Zandvoort,4.259,14,0,0,Red Bull,16,12.33333333,8.8,10,6.4,5.923076923,9.016393443,0.442622951,2,8
Esteban Ocon,Circuit Park Zandvoort,4.259,14,0,0,Alpine F1 Team,9,8,10.4,6.666666667,7.4,10.53333333,11,0.590909091,10,9
Lando Norris,Circuit Park Zandvoort,4.259,14,0,0,McLaren,14,8,6.8,9.666666667,9.6,8.8,9.311111111,0.466666667,3,10
Lance Stroll,Circuit Park Zandvoort,4.259,14,0,0,Aston Martin,13,11.66666667,10.6,17,14.4,8.533333333,11.96825397,0.634920635,10,12
George Russell,Circuit Park Zandvoort,4.259,14,0,0,Mercedes,12,13,14,7.333333333,5.8,15.26666667,15.35555556,0.844444444,1,17
Lando Norris,Autodromo Nazionale di Monza,5.793,11,0,0,McLaren,12,9.666666667,7.8,9,10.6,8.8,9.152173913,0.456521739,3,2
Valtteri Bottas,Autodromo Nazionale di Monza,5.793,11,0,0,Mercedes,12,7.333333333,5.6,1.666666667,1.8,3.933333333,5.015625,0.15625,1,3
Charles Leclerc,Autodromo Nazionale di Monza,5.793,11,0,0,Ferrari,12,8.333333333,7.8,5.333333333,5.6,11.8,9.59375,0.46875,6,4
Sergio Perez,Autodromo Nazionale di Monza,5.793,11,0,0,Red Bull,12,13.66666667,9.8,10,6.4,5.923076923,8.951612903,0.435483871,2,5
Carlos Sainz,Autodromo Nazionale di Monza,5.793,11,0,0,Ferrari,12,5.333333333,5.6,8.333333333,7.8,9.533333333,9.203125,0.46875,6,6
Lance Stroll,Autodromo Nazionale di Monza,5.793,11,0,0,Aston Martin,12,13,11,17.33333333,15.2,8.533333333,11.890625,0.625,10,7
Fernando Alonso,Autodromo Nazionale di Monza,5.793,11,0,1,Alpine F1 Team,12,10,7,6.333333333,9.4,10,11.5,0.666666667,10,8
George Russell,Autodromo Nazionale di Monza,5.793,11,0,0,Mercedes,12,12.33333333,15,1.666666667,1.8,15.26666667,15.2173913,0.826086957,1,9
Esteban Ocon,Autodromo Nazionale di Monza,5.793,11,0,0,Alpine F1 Team,12,6.333333333,9.4,5.666666667,7,10.53333333,10.97777778,0.577777778,10,10
Lewis Hamilton,Autodromo Nazionale di Monza,5.793,11,0,0,Mercedes,12,1.666666667,1.8,12.33333333,15,2.076923077,2.838709677,0.032258065,1,17
Max Verstappen,Autodromo Nazionale di Monza,5.793,11,0,0,Red Bull,12,10,6.4,13.66666667,9.8,7.6,6.109375,0.203125,2,18
Pierre Gasly,Autodromo Nazionale di Monza,5.793,11,0,0,AlphaTauri,12,6.666666667,12,11.66666667,11,12.2,11.296875,0.578125,7,19
Lewis Hamilton,Sochi Autodrom,5.848,18,1,0,Mercedes,4,7,4.8,11.33333333,13,2.076923077,2.80952381,0.031746032,1,1
Max Verstappen,Sochi Autodrom,5.848,18,1,0,Red Bull,20,9.333333333,9.8,10,10,7.6,6.046153846,0.2,2,2
Carlos Sainz,Sochi Autodrom,5.848,18,1,0,Ferrari,2,5.333333333,5.6,9,7.2,9.533333333,9.107692308,0.461538462,6,3
Valtteri Bottas,Sochi Autodrom,5.848,18,1,0,Mercedes,7,7.333333333,5.6,11.33333333,13,3.933333333,5.015384615,0.153846154,1,5
Fernando Alonso,Sochi Autodrom,5.848,18,1,1,Alpine F1 Team,6,10,6.8,6.666666667,8.6,10,11.32258065,0.64516129,10,6
Lando Norris,Sochi Autodrom,5.848,18,1,0,McLaren,1,9,7.2,7.666666667,8.2,8.8,9.106382979,0.446808511,3,7
Sergio Perez,Sochi Autodrom,5.848,18,1,0,Red Bull,9,10,10,9.333333333,9.8,5.923076923,8.952380952,0.428571429,2,9
George Russell,Sochi Autodrom,5.848,18,1,0,Mercedes,3,11.33333333,13,7.333333333,5.6,15.26666667,15.10638298,0.808510638,1,10
Lance Stroll,Sochi Autodrom,5.848,18,1,0,Aston Martin,8,12.66666667,10.8,15,15.2,8.533333333,11.87692308,0.615384615,10,11
Pierre Gasly,Sochi Autodrom,5.848,18,1,0,AlphaTauri,12,9.333333333,11.8,15,13,12.2,11.32307692,0.584615385,7,13
Esteban Ocon,Sochi Autodrom,5.848,18,1,0,Alpine F1 Team,10,6.666666667,8.6,6,6.8,10.53333333,11.04347826,0.586956522,10,14
Charles Leclerc,Sochi Autodrom,5.848,18,1,0,Ferrari,15,9,7.2,5.333333333,5.6,11.8,9.676923077,0.476923077,6,15
Valtteri Bottas,Istanbul Park,5.338,14,0,0,Mercedes,2,3.666666667,6,12,11.2,3.933333333,4.954545455,0.151515152,1,1
Max Verstappen,Istanbul Park,5.338,14,0,0,Red Bull,3,7,10,7.333333333,11,7.6,5.984848485,0.196969697,2,2
Sergio Perez,Istanbul Park,5.338,14,0,0,Red Bull,7,7.333333333,11,7,10,5.923076923,8.859375,0.421875,2,3
Charles Leclerc,Istanbul Park,5.338,14,0,0,Ferrari,4,8,8.8,5.333333333,5,11.8,9.590909091,0.46969697,6,4
Lewis Hamilton,Istanbul Park,5.338,14,0,0,Mercedes,1,6.666666667,4.6,12,11.2,2.076923077,2.84375,0.03125,1,5
Pierre Gasly,Istanbul Park,5.338,14,0,0,AlphaTauri,5,12,10.4,18.66666667,14.4,12.2,11.24242424,0.575757576,7,6
Lando Norris,Istanbul Park,5.338,14,0,0,McLaren,8,6.333333333,7.6,5.333333333,6.4,8.8,9.0625,0.4375,3,7
Carlos Sainz,Istanbul Park,5.338,14,0,0,Ferrari,14,5.333333333,5,8,8.8,9.533333333,9.090909091,0.454545455,6,8
Lance Stroll,Istanbul Park,5.338,14,0,0,Aston Martin,10,10,11.4,12.33333333,15.2,8.533333333,11.83333333,0.606060606,10,9
Esteban Ocon,Istanbul Park,5.338,14,0,0,Alpine F1 Team,12,11,8.6,6.666666667,6.2,10.53333333,11.0212766,0.595744681,10,10
George Russell,Istanbul Park,5.338,14,0,0,Mercedes,13,12,11.2,6.666666667,4.6,15.26666667,15.10416667,0.8125,1,15
Fernando Alonso,Istanbul Park,5.338,14,0,1,Alpine F1 Team,6,10,6.2,11,8.6,10,11.46875,0.65625,10,16
Max Verstappen,Circuit of the Americas,5.513,20,0,0,Red Bull,1,7.333333333,6.4,5.666666667,8.4,7.6,5.910447761,0.194029851,2,1
Lewis Hamilton,Circuit of the Americas,5.513,20,0,0,Mercedes,2,7.666666667,5.4,11.33333333,11.8,2.076923077,2.830769231,0.030769231,1,2
Sergio Perez,Circuit of the Americas,5.513,20,0,0,Red Bull,3,5.666666667,8.4,7.333333333,6.4,5.923076923,8.769230769,0.415384615,2,3
Charles Leclerc,Circuit of the Americas,5.513,20,0,0,Ferrari,5,7.666666667,9.2,5.666666667,5.4,11.8,9.507462687,0.462686567,6,4
Valtteri Bottas,Circuit of the Americas,5.513,20,0,0,Mercedes,4,3,5.6,11.33333333,11.8,3.933333333,4.970149254,0.149253731,1,6
Carlos Sainz,Circuit of the Americas,5.513,20,0,0,Ferrari,6,5.666666667,5.4,7.666666667,9.2,9.533333333,9.059701493,0.447761194,6,7
Lando Norris,Circuit of the Americas,5.513,20,0,0,McLaren,8,5.333333333,8.2,6,8,8.8,9.040816327,0.428571429,3,8
Lance Stroll,Circuit of the Americas,5.513,20,0,0,Aston Martin,16,9,11.6,14,15,8.533333333,11.8358209,0.611940299,10,12
George Russell,Circuit of the Americas,5.513,20,0,0,Mercedes,13,11.33333333,11.8,3,5.6,15.26666667,15.08163265,0.816326531,1,14
Fernando Alonso,Circuit of the Americas,5.513,20,0,1,Alpine F1 Team,14,10,8,11.33333333,8.8,10,11.66666667,0.666666667,10,18
Esteban Ocon,Circuit of the Americas,5.513,20,0,0,Alpine F1 Team,12,11.33333333,8.8,10,8,10.53333333,11.1875,0.604166667,10,19
Pierre Gasly,Circuit of the Americas,5.513,20,0,0,AlphaTauri,9,12.66666667,9.4,17,15.2,12.2,11.37313433,0.582089552,7,20
Max Verstappen,Autodromo Hermanos Rodriguez,4.304,17,0,0,Red Bull,3,1.666666667,4.8,5,5.6,7.6,5.838235294,0.191176471,2,1
Lewis Hamilton,Autodromo Hermanos Rodriguez,4.304,17,0,0,Mercedes,2,2.666666667,5.4,13,13,2.076923077,2.818181818,0.03030303,1,2
Sergio Perez,Autodromo Hermanos Rodriguez,4.304,17,0,0,Red Bull,4,5,5.6,1.666666667,4.8,5.923076923,8.681818182,0.409090909,2,3
Pierre Gasly,Autodromo Hermanos Rodriguez,4.304,17,0,0,AlphaTauri,5,13,12.4,13.33333333,15.8,12.2,11.26470588,0.573529412,7,4
Charles Leclerc,Autodromo Hermanos Rodriguez,4.304,17,0,0,Ferrari,7,7.666666667,6.4,6,6.2,11.8,9.441176471,0.455882353,6,5
Carlos Sainz,Autodromo Hermanos Rodriguez,4.304,17,0,0,Ferrari,8,6,6.2,7.666666667,6.4,9.533333333,9.014705882,0.455882353,6,6
Fernando Alonso,Autodromo Hermanos Rodriguez,4.304,17,0,1,Alpine F1 Team,16,10,10.8,14.33333333,12.4,10,11.58823529,0.676470588,10,9
Lando Norris,Autodromo Hermanos Rodriguez,4.304,17,0,0,McLaren,10,7.333333333,6.8,7.333333333,6.8,8.8,9.06,0.44,3,10
Esteban Ocon,Autodromo Hermanos Rodriguez,4.304,17,0,0,Alpine F1 Team,15,14.33333333,12.4,13.33333333,10.8,10.53333333,11.2244898,0.612244898,10,13
Lance Stroll,Autodromo Hermanos Rodriguez,4.304,17,0,0,Aston Martin,20,10.66666667,10.2,13.33333333,13,8.533333333,11.86764706,0.617647059,10,14
Valtteri Bottas,Autodromo Hermanos Rodriguez,4.304,17,0,0,Mercedes,1,4,3.6,13,13,3.933333333,5.117647059,0.161764706,1,15
George Russell,Autodromo Hermanos Rodriguez,4.304,17,0,0,Mercedes,14,13,13,4,3.6,15.26666667,15.1,0.82,1,16
Lewis Hamilton,Autodromo Jose Carlos Pace,4.309,15,0,0,Mercedes,14,3,5.4,15,12.8,2.076923077,2.791044776,0.029850746,1,1
Max Verstappen,Autodromo Jose Carlos Pace,4.309,15,0,0,Red Bull,14,1.333333333,4.8,3,4.6,7.6,5.782608696,0.188405797,2,2
Valtteri Bottas,Autodromo Jose Carlos Pace,4.309,15,0,0,Mercedes,14,7.333333333,6,15,12.8,3.933333333,5.086956522,0.15942029,1,3
Sergio Perez,Autodromo Jose Carlos Pace,4.309,15,0,0,Red Bull,14,3,4.6,1.333333333,4.8,5.923076923,8.611940299,0.402985075,2,4
Charles Leclerc,Autodromo Jose Carlos Pace,4.309,15,0,0,Ferrari,14,4.333333333,6.4,7,6,11.8,9.376811594,0.449275362,6,5
Carlos Sainz,Autodromo Jose Carlos Pace,4.309,15,0,0,Ferrari,14,7,6,4.333333333,6.4,9.533333333,8.971014493,0.449275362,6,6
Pierre Gasly,Autodromo Jose Carlos Pace,4.309,15,0,0,AlphaTauri,14,10,12.4,14.33333333,16,12.2,11.20289855,0.579710145,7,7
Esteban Ocon,Autodromo Jose Carlos Pace,4.309,15,0,0,Alpine F1 Team,14,14,13.2,14.33333333,11.4,10.53333333,11.16,0.62,10,8
Fernando Alonso,Autodromo Jose Carlos Pace,4.309,15,0,1,Alpine F1 Team,14,10,11.4,14,13.2,10,11.51428571,0.685714286,10,9
Lando Norris,Autodromo Jose Carlos Pace,4.309,15,0,0,McLaren,14,8.333333333,6.8,10,7,8.8,9.078431373,0.450980392,3,10
George Russell,Autodromo Jose Carlos Pace,4.309,15,0,0,Mercedes,14,15,12.8,7.333333333,6,15.26666667,15.05882353,0.823529412,1,13
Lance Stroll,Autodromo Jose Carlos Pace,4.309,15,0,0,Aston Martin,14,11.66666667,10.6,11.66666667,11.8,8.533333333,11.98550725,0.623188406,10,20
Lewis Hamilton,Jeddah Corniche Circuit,6.174,27,1,0,Mercedes,1,1.666666667,2.2,14.33333333,13.6,2.076923077,2.764705882,0.029411765,1,1
Max Verstappen,Jeddah Corniche Circuit,6.174,27,1,0,Red Bull,3,1.333333333,1.6,3.333333333,4.4,7.6,5.728571429,0.185714286,2,2
Valtteri Bottas,Jeddah Corniche Circuit,6.174,27,1,0,Mercedes,2,8,6,14.33333333,13.6,3.933333333,5.057142857,0.157142857,1,3
Esteban Ocon,Jeddah Corniche Circuit,6.174,27,1,0,Alpine F1 Team,11,13.33333333,12.8,12,11.6,10.53333333,11.01960784,0.607843137,10,4
Pierre Gasly,Jeddah Corniche Circuit,6.174,27,1,0,AlphaTauri,6,10.33333333,10,14.66666667,15,12.2,11.12857143,0.571428571,7,6
Charles Leclerc,Jeddah Corniche Circuit,6.174,27,1,0,Ferrari,5,4.666666667,6.6,6.333333333,6,11.8,9.342857143,0.442857143,6,7
Carlos Sainz,Jeddah Corniche Circuit,6.174,27,1,0,Ferrari,10,6.333333333,6,4.666666667,6.6,9.533333333,8.957142857,0.442857143,6,8
Lando Norris,Jeddah Corniche Circuit,6.174,27,1,0,McLaren,7,9.333333333,8.4,12,10.6,8.8,9.096153846,0.442307692,3,10
Lance Stroll,Jeddah Corniche Circuit,6.174,27,1,0,Aston Martin,18,15.33333333,13.2,9.333333333,11.6,8.533333333,11.97142857,0.614285714,10,11
Fernando Alonso,Jeddah Corniche Circuit,6.174,27,1,1,Alpine F1 Team,14,10,11.6,13.33333333,12.8,10,11.55555556,0.694444444,10,13
Sergio Perez,Jeddah Corniche Circuit,6.174,27,1,0,Red Bull,4,3.333333333,4.4,1.333333333,1.6,5.923076923,8.735294118,0.411764706,2,17
George Russell,Jeddah Corniche Circuit,6.174,27,1,0,Mercedes,15,14.33333333,13.6,8,6,15.26666667,15.13461538,0.826923077,1,19
Max Verstappen,Yas Marina Circuit,5.281,16,0,0,Red Bull,1,1.666666667,1.6,8,6,7.6,5.661971831,0.183098592,2,1
Lewis Hamilton,Yas Marina Circuit,5.281,16,0,0,Mercedes,2,1.333333333,2.2,16,15.4,2.076923077,2.753623188,0.028985507,1,2
Carlos Sainz,Yas Marina Circuit,5.281,16,0,0,Ferrari,5,6.666666667,7,5.666666667,5,9.533333333,8.873239437,0.436619718,6,3
Pierre Gasly,Yas Marina Circuit,5.281,16,0,0,AlphaTauri,12,5.666666667,8.6,16.33333333,14.4,12.2,11.04225352,0.563380282,7,5
Valtteri Bottas,Yas Marina Circuit,5.281,16,0,0,Mercedes,7,7,5.6,16,15.4,3.933333333,5.070422535,0.154929577,1,6
Lando Norris,Yas Marina Circuit,5.281,16,0,0,McLaren,3,10,9,12,10.8,8.8,9.056603774,0.433962264,3,7
Fernando Alonso,Yas Marina Circuit,5.281,16,0,1,Alpine F1 Team,11,10,13,8.333333333,10.8,10,11.45945946,0.675675676,10,8
Esteban Ocon,Yas Marina Circuit,5.281,16,0,0,Alpine F1 Team,9,8.333333333,10.8,10.33333333,13,10.53333333,10.98076923,0.596153846,10,9
Charles Leclerc,Yas Marina Circuit,5.281,16,0,0,Ferrari,8,5.666666667,5,6.666666667,7,11.8,9.352112676,0.436619718,6,10
Lance Stroll,Yas Marina Circuit,5.281,16,0,0,Aston Martin,13,15,13.2,11.33333333,12.4,8.533333333,11.98591549,0.61971831,10,13
Sergio Perez,Yas Marina Circuit,5.281,16,0,0,Red Bull,4,8,6,1.666666667,1.6,5.923076923,8.826086957,0.420289855,2,15
George Russell,Yas Marina Circuit,5.281,16,0,0,Mercedes,17,16,15.4,7,5.6,15.26666667,15.18867925,0.830188679,1,18
Charles Leclerc,Bahrain International Circuit,5.412,15,0,0,Ferrari,1,7.333333333,6.2,5.666666667,6,7.736842105,9.236111111,0.430555556,3,1
Carlos Sainz,Bahrain International Circuit,5.412,15,0,0,Ferrari,3,5.666666667,6,7.333333333,6.2,6.105263158,8.777777778,0.430555556,3,2
Lewis Hamilton,Bahrain International Circuit,5.412,15,0,0,Mercedes,5,1.333333333,1.6,7.333333333,6.2,3.578947368,2.757142857,0.028571429,1,3
George Russell,Bahrain International Circuit,5.412,15,0,0,Williams,6,16.66666667,16,14.66666667,15.2,14.68421053,14.98148148,0.814814815,8,4
Valtteri Bottas,Bahrain International Circuit,5.412,15,0,0,Alfa Romeo,8,4,6.6,14.66666667,15.2,6.789473684,5.083333333,0.152777778,9,6
Esteban Ocon,Bahrain International Circuit,5.412,15,0,0,Alpine F1 Team,11,7,10.6,10,11.4,10.94736842,10.90566038,0.58490566,5,7
Fernando Alonso,Bahrain International Circuit,5.412,15,0,0,Alpine F1 Team,9,10,11.4,7,10.6,10.26315789,11.39473684,0.657894737,5,9
Lance Stroll,Bahrain International Circuit,5.412,15,0,0,Aston Martin,19,14.66666667,14,7,10.6,11.47368421,11.98611111,0.611111111,7,12
Alexander Albon,Bahrain International Circuit,5.412,15,0,1,Williams,15,10,10,14.66666667,15.2,10,8.714285714,0.228571429,8,13
Lando Norris,Bahrain International Circuit,5.412,15,0,0,McLaren,13,9,9,12,10.6,6.736842105,9.166666667,0.425925926,4,15
Nico Hulkenberg,Bahrain International Circuit,5.412,15,0,1,Unknown,17,10,10,12,10.6,10,11.525,0.6,10,17
Sergio Perez,Bahrain International Circuit,5.412,15,0,0,Red Bull,4,12,8.4,1.666666667,1.4,7.210526316,8.957142857,0.428571429,2,18
Max Verstappen,Bahrain International Circuit,5.412,15,0,0,Red Bull,2,1.666666667,1.4,12,8.4,4.526315789,5.847222222,0.194444444,2,19
Pierre Gasly,Bahrain International Circuit,5.412,15,0,0,AlphaTauri,10,6,8.4,11,12.4,10,11.16666667,0.569444444,6,20
Max Verstappen,Jeddah Corniche Circuit,6.174,27,1,0,Red Bull,4,7.333333333,5,16.66666667,11.4,4.526315789,5.780821918,0.191780822,2,1
Charles Leclerc,Jeddah Corniche Circuit,6.174,27,1,0,Ferrari,3,6,5.6,4.333333333,5,7.736842105,9.136986301,0.424657534,3,2
Carlos Sainz,Jeddah Corniche Circuit,6.174,27,1,0,Ferrari,1,4.333333333,5,6,5.6,6.105263158,8.698630137,0.424657534,3,3
Sergio Perez,Jeddah Corniche Circuit,6.174,27,1,0,Red Bull,2,16.66666667,11.4,7.333333333,5,7.210526316,8.887323944,0.422535211,2,4
George Russell,Jeddah Corniche Circuit,6.174,27,1,0,Williams,6,13.66666667,14,14.66666667,15.4,14.68421053,14.8,0.8,8,5
Esteban Ocon,Jeddah Corniche Circuit,6.174,27,1,0,Alpine F1 Team,5,6.666666667,8.2,10,9.6,10.94736842,10.81481481,0.574074074,5,6
Lando Norris,Jeddah Corniche Circuit,6.174,27,1,0,McLaren,11,10.66666667,10.4,10.33333333,12.4,6.736842105,9.127272727,0.418181818,4,7
Pierre Gasly,Jeddah Corniche Circuit,6.174,27,1,0,AlphaTauri,9,10.33333333,8.4,8.666666667,12.2,10,11.12328767,0.561643836,6,8
Lewis Hamilton,Jeddah Corniche Circuit,6.174,27,1,0,Mercedes,16,2,1.8,8.666666667,12.2,3.578947368,2.85915493,0.028169014,1,10
Nico Hulkenberg,Jeddah Corniche Circuit,6.174,27,1,1,Unknown,18,10,17,8.666666667,12.2,10,11.53658537,0.585365854,10,12
Lance Stroll,Jeddah Corniche Circuit,6.174,27,1,0,Aston Martin,15,12,14,8.666666667,12.2,11.47368421,12,0.616438356,7,13
Alexander Albon,Jeddah Corniche Circuit,6.174,27,1,1,Williams,17,10,13,14.66666667,15.4,10,8.861111111,0.25,8,14
Valtteri Bottas,Jeddah Corniche Circuit,6.174,27,1,0,Alfa Romeo,8,5,6.6,14.66666667,15.4,6.789473684,5.219178082,0.164383562,9,15
Fernando Alonso,Jeddah Corniche Circuit,6.174,27,1,0,Alpine F1 Team,7,10,9.6,6.666666667,8.2,10.26315789,11.51282051,0.666666667,5,16
Charles Leclerc,Albert Park Grand Prix Circuit,5.278,14,1,0,Ferrari,1,4.333333333,5,2.666666667,4.4,7.736842105,9.027027027,0.418918919,3,1
Sergio Perez,Albert Park Grand Prix Circuit,5.278,14,1,0,Red Bull,3,12.33333333,11.6,7,5,7.210526316,8.791666667,0.416666667,2,2
George Russell,Albert Park Grand Prix Circuit,5.278,14,1,0,Williams,8,9,11.8,16.66666667,15.6,14.68421053,14.58928571,0.785714286,8,3
Lewis Hamilton,Albert Park Grand Prix Circuit,5.278,14,1,0,Mercedes,7,5,3.4,16.66666667,15.6,3.578947368,2.875,0.027777778,1,4
Lando Norris,Albert Park Grand Prix Circuit,5.278,14,1,0,McLaren,5,9.666666667,9.8,14.33333333,13.4,6.736842105,9.053571429,0.410714286,4,5
Esteban Ocon,Albert Park Grand Prix Circuit,5.278,14,1,0,Alpine F1 Team,10,7.333333333,6.8,11,11,10.94736842,10.74545455,0.563636364,5,7
Valtteri Bottas,Albert Park Grand Prix Circuit,5.278,14,1,0,Alfa Romeo,12,9,6.6,11,11,6.789473684,5.256756757,0.162162162,9,8
Pierre Gasly,Albert Park Grand Prix Circuit,5.278,14,1,0,AlphaTauri,11,11,9.2,10.33333333,12,10,11.09459459,0.554054054,6,9
Alexander Albon,Albert Park Grand Prix Circuit,5.278,14,1,1,Williams,16,10,13.5,16.66666667,15.6,10,8.891891892,0.243243243,8,10
Lance Stroll,Albert Park Grand Prix Circuit,5.278,14,1,0,Aston Martin,20,12.66666667,13.8,11,12.66666667,11.47368421,12,0.608108108,7,12
Fernando Alonso,Albert Park Grand Prix Circuit,5.278,14,1,0,Alpine F1 Team,6,11,11,7.333333333,6.8,10.26315789,11.65,0.675,5,17
Max Verstappen,Albert Park Grand Prix Circuit,5.278,14,1,0,Red Bull,2,7,5,12.33333333,11.6,4.526315789,5.945945946,0.202702703,2,18
Carlos Sainz,Albert Park Grand Prix Circuit,5.278,14,1,0,Ferrari,4,2.666666667,4.4,4.333333333,5,6.105263158,8.851351351,0.432432432,3,20
Max Verstappen,Autodromo Enzo e Dino Ferrari,4.909,19,0,0,Red Bull,4,12.66666667,8.2,8,11.2,4.526315789,5.88,0.2,2,1
Sergio Perez,Autodromo Enzo e Dino Ferrari,4.909,19,0,0,Red Bull,4,8,11.2,12.66666667,8.2,7.210526316,8.698630137,0.410958904,2,2
Lando Norris,Autodromo Enzo e Dino Ferrari,4.909,19,0,0,McLaren,4,9,8.8,12.33333333,10.8,6.736842105,8.947368421,0.403508772,4,3
George Russell,Autodromo Enzo e Dino Ferrari,4.909,19,0,0,Williams,4,4,9.8,16.66666667,15.6,14.68421053,14.40350877,0.771929825,8,4
Valtteri Bottas,Autodromo Enzo e Dino Ferrari,4.909,19,0,0,Alfa Romeo,4,9.666666667,7.6,16.66666667,15.6,6.789473684,5.253333333,0.16,9,5
Charles Leclerc,Autodromo Enzo e Dino Ferrari,4.909,19,0,0,Ferrari,4,1.333333333,4.2,8.333333333,7.2,7.736842105,8.986666667,0.413333333,3,6
Lance Stroll,Autodromo Enzo e Dino Ferrari,4.909,19,0,0,Aston Martin,4,12.33333333,12.2,19,15.33333333,11.47368421,11.97333333,0.613333333,7,10
Alexander Albon,Autodromo Enzo e Dino Ferrari,4.909,19,0,1,Williams,4,10,12.33333333,16.66666667,15.6,10,8.947368421,0.263157895,8,11
Pierre Gasly,Autodromo Enzo e Dino Ferrari,4.909,19,0,0,AlphaTauri,4,12.33333333,9.6,14,12,10,11.10666667,0.56,6,12
Lewis Hamilton,Autodromo Enzo e Dino Ferrari,4.909,19,0,0,Mercedes,4,5.666666667,4,14,12,3.578947368,3.01369863,0.04109589,1,13
Esteban Ocon,Autodromo Enzo e Dino Ferrari,4.909,19,0,0,Alpine F1 Team,4,6.666666667,6.6,14,12.6,10.94736842,10.80357143,0.571428571,5,14
Fernando Alonso,Autodromo Enzo e Dino Ferrari,4.909,19,0,0,Alpine F1 Team,4,14,12.6,6.666666667,6.6,10.26315789,11.82926829,0.682926829,5,19
Carlos Sainz,Autodromo Enzo e Dino Ferrari,4.909,19,0,0,Ferrari,4,8.333333333,7.2,1.333333333,4.2,6.105263158,9,0.44,3,20
Max Verstappen,Miami International Autodrome,5.412,19,0,0,Red Bull,3,6.666666667,8,2.666666667,8.2,4.526315789,5.815789474,0.197368421,2,1
Charles Leclerc,Miami International Autodrome,5.412,19,0,0,Ferrari,1,3,4,14.33333333,9.6,7.736842105,8.894736842,0.407894737,3,2
Carlos Sainz,Miami International Autodrome,5.412,19,0,0,Ferrari,2,14.33333333,9.6,3,4,6.105263158,8.921052632,0.434210526,3,3
Sergio Perez,Miami International Autodrome,5.412,19,0,0,Red Bull,4,2.666666667,8.2,6.666666667,8,7.210526316,8.635135135,0.405405405,2,4
George Russell,Miami International Autodrome,5.412,19,0,0,Williams,12,4,6.8,16.66666667,16.4,14.68421053,14.24137931,0.75862069,8,5
Lewis Hamilton,Miami International Autodrome,5.412,19,0,0,Mercedes,6,9,6.4,16.66666667,16.4,3.578947368,3.054054054,0.040540541,1,6
Valtteri Bottas,Miami International Autodrome,5.412,19,0,0,Alfa Romeo,5,9.333333333,8,16.66666667,16.4,6.789473684,5.276315789,0.157894737,9,7
Esteban Ocon,Miami International Autodrome,5.412,19,0,0,Alpine F1 Team,5,9,8.6,17.33333333,13.8,10.94736842,10.75438596,0.561403509,5,8
Alexander Albon,Miami International Autodrome,5.412,19,0,1,Williams,18,10,12,16.66666667,16.4,10,8.948717949,0.256410256,8,9
Lance Stroll,Miami International Autodrome,5.412,19,0,0,Aston Martin,10,11.66666667,12,13.5,12.66666667,11.47368421,11.94736842,0.605263158,7,10
Fernando Alonso,Miami International Autodrome,5.412,19,0,0,Alpine F1 Team,11,17.33333333,13.8,9,8.6,10.26315789,11.80952381,0.666666667,5,11
Pierre Gasly,Miami International Autodrome,5.412,19,0,0,AlphaTauri,8,9.666666667,10.8,13.66666667,10.6,10,11.19736842,0.565789474,6,18
Lando Norris,Miami International Autodrome,5.412,19,0,0,McLaren,7,5,7.4,13.66666667,13.4,6.736842105,9.120689655,0.413793103,4,19
Max Verstappen,Circuit de Barcelona-Catalunya,4.657,16,0,0,Red Bull,2,6.666666667,8,2.666666667,6,4.526315789,5.753246753,0.194805195,2,1
Sergio Perez,Circuit de Barcelona-Catalunya,4.657,16,0,0,Red Bull,5,2.666666667,6,6.666666667,8,7.210526316,8.546666667,0.4,2,2
George Russell,Circuit de Barcelona-Catalunya,4.657,16,0,0,Williams,4,4,4.2,10,11.4,14.68421053,14.05084746,0.745762712,8,3
Carlos Sainz,Circuit de Barcelona-Catalunya,4.657,16,0,0,Ferrari,3,14.33333333,9.6,3,2.4,6.105263158,8.857142857,0.428571429,3,4
Lewis Hamilton,Circuit de Barcelona-Catalunya,4.657,16,0,0,Mercedes,6,7.666666667,7.2,3,2.4,3.578947368,3.08,0.04,1,5
Valtteri Bottas,Circuit de Barcelona-Catalunya,4.657,16,0,0,Alfa Romeo,7,6.666666667,8.2,3,2.4,6.789473684,5.285714286,0.155844156,9,6
Esteban Ocon,Circuit de Barcelona-Catalunya,4.657,16,0,0,Alpine F1 Team,13,9.666666667,8.4,15.66666667,14.4,10.94736842,10.68965517,0.551724138,5,7
Lando Norris,Circuit de Barcelona-Catalunya,4.657,16,0,0,McLaren,9,9,9.8,12.33333333,13.6,6.736842105,9.101694915,0.406779661,4,8
Fernando Alonso,Circuit de Barcelona-Catalunya,4.657,16,0,0,Alpine F1 Team,17,15.66666667,14.4,9.666666667,8.4,10.26315789,11.74418605,0.674418605,5,9
Pierre Gasly,Circuit de Barcelona-Catalunya,4.657,16,0,0,AlphaTauri,15,13,13.4,11.33333333,12.2,10,11.22077922,0.571428571,6,13
Lance Stroll,Circuit de Barcelona-Catalunya,4.657,16,0,0,Aston Martin,18,10.66666667,11.4,14.66666667,14.66666667,11.47368421,11.98701299,0.61038961,7,15
Alexander Albon,Circuit de Barcelona-Catalunya,4.657,16,0,1,Williams,19,10,11.4,15.33333333,16,10,9.175,0.275,8,18
Charles Leclerc,Circuit de Barcelona-Catalunya,4.657,16,0,0,Ferrari,1,3,2.4,14.33333333,9.6,7.736842105,9.038961039,0.415584416,3,20
Max Verstappen,Baku City Circuit,6.003,20,1,0,Red Bull,3,1,4.4,2.666666667,2.8,4.526315789,5.692307692,0.192307692,2,1
Sergio Perez,Baku City Circuit,6.003,20,1,0,Red Bull,2,2.666666667,2.8,1,4.4,7.210526316,8.460526316,0.394736842,2,2
George Russell,Baku City Circuit,6.003,20,1,0,Williams,5,4,4,15.33333333,16,14.68421053,13.86666667,0.733333333,8,3
Lewis Hamilton,Baku City Circuit,6.003,20,1,0,Mercedes,7,8,7.6,15.33333333,16,3.578947368,3.092105263,0.039473684,1,4
Pierre Gasly,Baku City Circuit,6.003,20,1,0,AlphaTauri,6,14.33333333,12,9.666666667,12.6,10,11.14102564,0.564102564,6,5
Fernando Alonso,Baku City Circuit,6.003,20,1,0,Alpine F1 Team,10,13,14.4,9.666666667,8.4,10.26315789,11.63636364,0.659090909,5,7
Lando Norris,Baku City Circuit,6.003,20,1,0,McLaren,11,10,8.4,14.33333333,13.2,6.736842105,9.1,0.4,4,9
Esteban Ocon,Baku City Circuit,6.003,20,1,0,Alpine F1 Team,13,9.666666667,8.4,13,14.4,10.94736842,10.6779661,0.542372881,5,10
Valtteri Bottas,Baku City Circuit,6.003,20,1,0,Alfa Romeo,15,6,8.2,13,14.4,6.789473684,5.358974359,0.166666667,9,11
Alexander Albon,Baku City Circuit,6.003,20,1,1,Williams,17,10,12.4,15.33333333,16,10,9.243902439,0.292682927,8,12
Lance Stroll,Baku City Circuit,6.003,20,1,0,Aston Martin,19,11.66666667,12,12,13.75,11.47368421,12.03846154,0.615384615,7,16
Charles Leclerc,Baku City Circuit,6.003,20,1,0,Ferrari,1,9.333333333,6.2,9,10,7.736842105,9.166666667,0.423076923,3,19
Carlos Sainz,Baku City Circuit,6.003,20,1,0,Ferrari,4,9,10,9.333333333,6.2,6.105263158,9,0.435897436,3,20
Max Verstappen,Circuit Gilles Villeneuve,4.361,14,1,0,Red Bull,1,1,4.4,2.666666667,2.4,4.526315789,5.632911392,0.189873418,2,1
Carlos Sainz,Circuit Gilles Villeneuve,4.361,14,1,0,Ferrari,3,9,13.4,13.66666667,9.6,6.105263158,8.911392405,0.430379747,3,2
Lewis Hamilton,Circuit Gilles Villeneuve,4.361,14,1,0,Mercedes,4,5,6.4,13.66666667,9.6,3.578947368,3.090909091,0.038961039,1,3
George Russell,Circuit Gilles Villeneuve,4.361,14,1,0,Williams,8,3.666666667,3.6,15,15.4,14.68421053,13.70491803,0.721311475,8,4
Charles Leclerc,Circuit Gilles Villeneuve,4.361,14,1,0,Ferrari,13,13.66666667,9.6,9,13.4,7.736842105,9.113924051,0.417721519,3,5
Esteban Ocon,Circuit Gilles Villeneuve,4.361,14,1,0,Alpine F1 Team,7,8.333333333,9.2,9,12.6,10.94736842,10.6,0.533333333,5,6
Valtteri Bottas,Circuit Gilles Villeneuve,4.361,14,1,0,Alfa Romeo,11,8,7.4,9,12.6,6.789473684,5.379746835,0.164556962,9,7
Fernando Alonso,Circuit Gilles Villeneuve,4.361,14,1,0,Alpine F1 Team,2,9,12.6,8.333333333,9.2,10.26315789,11.57777778,0.644444444,5,9
Lance Stroll,Circuit Gilles Villeneuve,4.361,14,1,0,Aston Martin,18,13.66666667,12.6,11.33333333,12.2,11.47368421,12.01265823,0.607594937,7,10
Alexander Albon,Circuit Gilles Villeneuve,4.361,14,1,1,Williams,12,10,12,15,15.4,10,9.333333333,0.285714286,8,13
Pierre Gasly,Circuit Gilles Villeneuve,4.361,14,1,0,AlphaTauri,16,12,11.4,11.66666667,11.4,10,11.17721519,0.556962025,6,14
Lando Norris,Circuit Gilles Villeneuve,4.361,14,1,0,McLaren,15,12,8.8,11,11.4,6.736842105,9.196721311,0.393442623,4,15
Sergio Perez,Circuit Gilles Villeneuve,4.361,14,1,0,Red Bull,14,2.666666667,2.4,1,4.4,7.210526316,8.61038961,0.402597403,2,20
Carlos Sainz,Silverstone Circuit,5.891,18,0,0,Ferrari,4,8.666666667,9.8,14.66666667,10.4,6.105263158,8.8125,0.425,3,1
Sergio Perez,Silverstone Circuit,5.891,18,0,0,Red Bull,6,8,6,1,1,7.210526316,8.525641026,0.397435897,2,2
Lewis Hamilton,Silverstone Circuit,5.891,18,0,0,Mercedes,5,4,6.2,1,1,3.578947368,3.08974359,0.038461538,1,3
Charles Leclerc,Silverstone Circuit,5.891,18,0,0,Ferrari,2,14.66666667,10.4,8.666666667,9.8,7.736842105,9.05,0.4125,3,4
Fernando Alonso,Silverstone Circuit,5.891,18,0,0,Alpine F1 Team,10,8.333333333,11,7.666666667,9,10.26315789,11.43478261,0.630434783,5,5
Lando Norris,Silverstone Circuit,5.891,18,0,0,McLaren,9,10.66666667,10.8,10.33333333,12.4,6.736842105,9.14516129,0.387096774,4,6
Max Verstappen,Silverstone Circuit,5.891,18,0,0,Red Bull,1,1,1,8,6,4.526315789,5.65,0.1875,2,7
Lance Stroll,Silverstone Circuit,5.891,18,0,0,Aston Martin,20,13.66666667,12.2,9.666666667,10.8,11.47368421,12,0.6,7,11
Esteban Ocon,Silverstone Circuit,5.891,18,0,0,Alpine F1 Team,12,7.666666667,9,8.333333333,11,10.94736842,10.67213115,0.540983607,5,15
Pierre Gasly,Silverstone Circuit,5.891,18,0,0,AlphaTauri,11,10.66666667,12.4,13.66666667,12,10,11.2375,0.5625,6,16
Valtteri Bottas,Silverstone Circuit,5.891,18,0,0,Alfa Romeo,8,8,7.2,13.66666667,12,6.789473684,5.525,0.175,9,17
George Russell,Silverstone Circuit,5.891,18,0,0,Williams,3,3.333333333,3.8,14.33333333,12.6,14.68421053,13.77419355,0.725806452,8,18
Alexander Albon,Silverstone Circuit,5.891,18,0,1,Williams,16,10,12.6,3.333333333,3.8,10,9.581395349,0.302325581,8,20
Charles Leclerc,Red Bull Ring,4.318,10,0,0,Ferrari,16,9.333333333,10,7.666666667,6,7.736842105,8.950617284,0.407407407,3,1
Max Verstappen,Red Bull Ring,4.318,10,0,0,Red Bull,16,3,2.2,8,6,4.526315789,5.604938272,0.185185185,2,2
Lewis Hamilton,Red Bull Ring,4.318,10,0,0,Mercedes,16,3.333333333,4.2,8,6,3.578947368,3.088607595,0.037974684,1,3
George Russell,Red Bull Ring,4.318,10,0,0,Williams,16,8.333333333,6.6,14.33333333,14.6,14.68421053,13.61904762,0.714285714,8,4
Esteban Ocon,Red Bull Ring,4.318,10,0,0,Alpine F1 Team,16,10.33333333,9.2,7,8.2,10.94736842,10.58064516,0.532258065,5,5
Lando Norris,Red Bull Ring,4.318,10,0,0,McLaren,16,10,11.4,10.66666667,11.4,6.736842105,9.111111111,0.396825397,4,7
Fernando Alonso,Red Bull Ring,4.318,10,0,0,Alpine F1 Team,16,7,8.2,10.33333333,9.2,10.26315789,11.40425532,0.638297872,5,10
Valtteri Bottas,Red Bull Ring,4.318,10,0,0,Alfa Romeo,16,11.66666667,9.6,10.33333333,9.2,6.789473684,5.592592593,0.185185185,9,11
Alexander Albon,Red Bull Ring,4.318,10,0,1,Williams,16,10,14.4,14.33333333,14.6,10,9.636363636,0.318181818,8,12
Lance Stroll,Red Bull Ring,4.318,10,0,0,Aston Martin,16,12.33333333,12.4,9,11,11.47368421,12.01234568,0.604938272,7,13
Pierre Gasly,Red Bull Ring,4.318,10,0,0,AlphaTauri,16,11.66666667,13.2,15,13.4,10,11.28395062,0.567901235,6,15
Carlos Sainz,Red Bull Ring,4.318,10,0,0,Ferrari,16,7.666666667,6,9.333333333,10,6.105263158,8.925925926,0.432098765,3,18
Sergio Perez,Red Bull Ring,4.318,10,0,0,Red Bull,16,8,6,3,2.2,7.210526316,8.670886076,0.405063291,2,20
Max Verstappen,Circuit Paul Ricard,5.842,15,0,0,Red Bull,3,3.333333333,2.4,14,9.2,4.526315789,5.548780488,0.182926829,2,1
Lewis Hamilton,Circuit Paul Ricard,5.842,15,0,0,Mercedes,5,3,3.6,14,9.2,3.578947368,3.075,0.0375,1,2
George Russell,Circuit Paul Ricard,5.842,15,0,0,Williams,7,8.666666667,6.4,15.66666667,15.6,14.68421053,13.453125,0.703125,8,3
Sergio Perez,Circuit Paul Ricard,5.842,15,0,0,Red Bull,4,14,9.2,3.333333333,2.4,7.210526316,8.6125,0.4,2,4
Carlos Sainz,Circuit Paul Ricard,5.842,15,0,0,Ferrari,2,7,9,3.333333333,9.8,6.105263158,8.87804878,0.426829268,3,5
Fernando Alonso,Circuit Paul Ricard,5.842,15,0,0,Alpine F1 Team,8,8,8,8.666666667,8.6,10.26315789,11.29166667,0.625,5,6
Lando Norris,Circuit Paul Ricard,5.842,15,0,0,McLaren,6,9.333333333,9,11,10.6,6.736842105,9.078125,0.390625,4,7
Esteban Ocon,Circuit Paul Ricard,5.842,15,0,0,Alpine F1 Team,13,8.666666667,8.6,8,8,10.94736842,10.53968254,0.523809524,5,8
Lance Stroll,Circuit Paul Ricard,5.842,15,0,0,Aston Martin,18,11.33333333,13,12.66666667,11,11.47368421,11.98780488,0.597560976,7,10
Pierre Gasly,Circuit Paul Ricard,5.842,15,0,0,AlphaTauri,17,15,12.6,16,14.2,10,11.29268293,0.56097561,6,12
Alexander Albon,Circuit Paul Ricard,5.842,15,0,1,Williams,16,10,15,15.66666667,15.6,10,9.711111111,0.311111111,8,13
Valtteri Bottas,Circuit Paul Ricard,5.842,15,0,0,Alfa Romeo,12,11.66666667,10.4,15.66666667,15.6,6.789473684,5.695121951,0.182926829,9,14
Charles Leclerc,Circuit Paul Ricard,5.842,15,0,0,Ferrari,1,3.333333333,9.8,7,9,7.736842105,9.073170732,0.414634146,3,19
Max Verstappen,Hungaroring,4.909,14,0,0,Red Bull,4,3.333333333,2.4,8.666666667,9.6,4.526315789,5.493975904,0.180722892,2,1
Lewis Hamilton,Hungaroring,4.909,14,0,0,Mercedes,8,2.666666667,3,8.666666667,9.6,3.578947368,3.061728395,0.037037037,1,2
George Russell,Hungaroring,4.909,14,0,0,Williams,1,8.333333333,6.4,16,15.8,14.68421053,13.29230769,0.692307692,8,3
Carlos Sainz,Hungaroring,4.909,14,0,0,Ferrari,2,8,9.2,8,9.6,6.105263158,8.819277108,0.421686747,3,4
Sergio Perez,Hungaroring,4.909,14,0,0,Red Bull,11,8.666666667,9.6,3.333333333,2.4,7.210526316,8.567901235,0.395061728,2,5
Charles Leclerc,Hungaroring,4.909,14,0,0,Ferrari,3,8,9.6,8,9.2,7.736842105,9.036144578,0.409638554,3,6
Lando Norris,Hungaroring,4.909,14,0,0,McLaren,5,6.666666667,8.8,10.33333333,10,6.736842105,9.046153846,0.384615385,4,7
Fernando Alonso,Hungaroring,4.909,14,0,0,Alpine F1 Team,6,7,7.4,9.333333333,8.8,10.26315789,11.2244898,0.632653061,5,8
Esteban Ocon,Hungaroring,4.909,14,0,0,Alpine F1 Team,7,9.333333333,8.8,7,7.4,10.94736842,10.515625,0.53125,5,9
Lance Stroll,Hungaroring,4.909,14,0,0,Aston Martin,15,11.33333333,12,12.33333333,11,11.47368421,11.97590361,0.602409639,7,11
Pierre Gasly,Hungaroring,4.909,14,0,0,AlphaTauri,14,14.33333333,12.4,16.66666667,16.2,10,11.30120482,0.56626506,6,12
Alexander Albon,Hungaroring,4.909,14,0,1,Williams,18,10,14,16,15.8,10,9.869565217,0.326086957,8,17
Valtteri Bottas,Hungaroring,4.909,14,0,0,Alfa Romeo,9,14,12,16,15.8,6.789473684,5.86746988,0.192771084,9,20
Max Verstappen,Circuit Park Zandvoort,4.259,14,0,0,Red Bull,1,1.333333333,2.4,9.666666667,10.2,4.526315789,5.44047619,0.178571429,2,1
George Russell,Circuit Park Zandvoort,4.259,14,0,0,Williams,5,3.333333333,6.4,18,16.4,14.68421053,13.12121212,0.681818182,8,2
Charles Leclerc,Circuit Park Zandvoort,4.259,14,0,0,Ferrari,2,8.666666667,7,9,6,7.736842105,8.964285714,0.404761905,3,3
Lewis Hamilton,Circuit Park Zandvoort,4.259,14,0,0,Mercedes,4,2.333333333,2.6,9,6,3.578947368,3.073170732,0.036585366,1,4
Sergio Perez,Circuit Park Zandvoort,4.259,14,0,0,Red Bull,6,9.666666667,10.2,1.333333333,2.4,7.210526316,8.524390244,0.390243902,2,5
Fernando Alonso,Circuit Park Zandvoort,4.259,14,0,0,Alpine F1 Team,13,8,7.6,7.333333333,8.6,10.26315789,11.12,0.62,5,6
Lando Norris,Circuit Park Zandvoort,4.259,14,0,0,McLaren,7,7,8.4,11,11.4,6.736842105,9.015151515,0.378787879,4,7
Carlos Sainz,Circuit Park Zandvoort,4.259,14,0,0,Ferrari,3,9,6,8.666666667,7,6.105263158,8.80952381,0.416666667,3,8
Esteban Ocon,Circuit Park Zandvoort,4.259,14,0,0,Alpine F1 Team,12,7.333333333,8.6,8,7.6,10.94736842,10.49230769,0.523076923,5,9
Lance Stroll,Circuit Park Zandvoort,4.259,14,0,0,Aston Martin,8,11.33333333,11,12.66666667,11.8,11.47368421,11.95238095,0.595238095,7,10
Pierre Gasly,Circuit Park Zandvoort,4.259,14,0,0,AlphaTauri,11,13,13.8,18.33333333,17.4,10,11.29761905,0.55952381,6,11
Alexander Albon,Circuit Park Zandvoort,4.259,14,0,1,Williams,14,10,15,18,16.4,10,9.914893617,0.319148936,8,12
Valtteri Bottas,Circuit Park Zandvoort,4.259,14,0,0,Alfa Romeo,16,15,13.8,18,16.4,6.789473684,6.023809524,0.202380952,9,19
Max Verstappen,Autodromo Nazionale di Monza,5.793,11,0,0,Red Bull,2,1,2.4,4.666666667,7.2,4.526315789,5.388235294,0.176470588,2,1
Charles Leclerc,Autodromo Nazionale di Monza,5.793,11,0,0,Ferrari,1,9.333333333,6.6,5.666666667,7.2,7.736842105,8.882352941,0.4,3,2
George Russell,Autodromo Nazionale di Monza,5.793,11,0,0,Williams,6,2.666666667,6,17.66666667,16.8,14.68421053,12.97014925,0.671641791,8,3
Carlos Sainz,Autodromo Nazionale di Monza,5.793,11,0,0,Ferrari,3,5.666666667,7.2,9.333333333,6.6,6.105263158,8.752941176,0.411764706,3,4
Lewis Hamilton,Autodromo Nazionale di Monza,5.793,11,0,0,Mercedes,5,2.666666667,2.8,9.333333333,6.6,3.578947368,3.096385542,0.036144578,1,5
Sergio Perez,Autodromo Nazionale di Monza,5.793,11,0,0,Red Bull,4,4.666666667,7.2,1,2.4,7.210526316,8.493975904,0.385542169,2,6
Lando Norris,Autodromo Nazionale di Monza,5.793,11,0,0,McLaren,7,7,6.8,13.66666667,12.6,6.736842105,8.985074627,0.373134328,4,7
Pierre Gasly,Autodromo Nazionale di Monza,5.793,11,0,0,AlphaTauri,10,11.66666667,13.2,19.66666667,17.8,10,11.25882353,0.552941176,6,8
Esteban Ocon,Autodromo Nazionale di Monza,5.793,11,0,0,Alpine F1 Team,13,8.666666667,9.2,6.666666667,7,10.94736842,10.5,0.515151515,5,11
Valtteri Bottas,Autodromo Nazionale di Monza,5.793,11,0,0,Alfa Romeo,15,17.66666667,16.2,6.666666667,7,6.789473684,6.105882353,0.211764706,9,13
Lance Stroll,Autodromo Nazionale di Monza,5.793,11,0,0,Aston Martin,19,10.33333333,11,11.66666667,12.2,11.47368421,12.02352941,0.6,7,18
Fernando Alonso,Autodromo Nazionale di Monza,5.793,11,0,0,Alpine F1 Team,8,6.666666667,7,8.666666667,9.2,10.26315789,11.2745098,0.62745098,5,19
Sergio Perez,Marina Bay Street Circuit,4.94,19,1,0,Red Bull,2,5.333333333,8,1,1.2,7.210526316,8.404761905,0.380952381,2,1
Charles Leclerc,Marina Bay Street Circuit,4.94,19,1,0,Ferrari,1,3.666666667,6.2,5.333333333,7.8,7.736842105,8.802325581,0.395348837,3,2
Carlos Sainz,Marina Bay Street Circuit,4.94,19,1,0,Ferrari,4,5.333333333,7.8,3.666666667,6.2,6.105263158,8.686046512,0.406976744,3,3
Lando Norris,Marina Bay Street Circuit,4.94,19,1,0,McLaren,6,7,7,16.33333333,13.4,6.736842105,8.911764706,0.367647059,4,4
Lance Stroll,Marina Bay Street Circuit,4.94,19,1,0,Aston Martin,12,13,12.4,14.66666667,14.4,11.47368421,11.95348837,0.593023256,7,6
Max Verstappen,Marina Bay Street Circuit,4.94,19,1,0,Red Bull,8,1,1.2,5.333333333,8,4.526315789,5.406976744,0.174418605,2,7
Lewis Hamilton,Marina Bay Street Circuit,4.94,19,1,0,Mercedes,3,3.666666667,3.2,5.333333333,8,3.578947368,3.166666667,0.035714286,1,9
Pierre Gasly,Marina Bay Street Circuit,4.94,19,1,0,AlphaTauri,7,10.33333333,11.6,17.66666667,17.8,10,11.24418605,0.546511628,6,10
Valtteri Bottas,Marina Bay Street Circuit,4.94,19,1,0,Alfa Romeo,16,17.33333333,15.4,17.66666667,17.8,6.789473684,6.162790698,0.209302326,9,11
George Russell,Marina Bay Street Circuit,4.94,19,1,0,Williams,11,2.666666667,3,17,17.4,14.68421053,12.98529412,0.676470588,8,14
Esteban Ocon,Marina Bay Street Circuit,4.94,19,1,0,Alpine F1 Team,18,9.666666667,8.4,11,9.8,10.94736842,10.58208955,0.52238806,5,16
Alexander Albon,Marina Bay Street Circuit,4.94,19,1,1,Williams,19,10,13.5,17,17.4,10,10.0625,0.333333333,8,17
Fernando Alonso,Marina Bay Street Circuit,4.94,19,1,0,Alpine F1 Team,5,11,9.8,9.666666667,8.4,10.26315789,11.40384615,0.634615385,5,18
Max Verstappen,Suzuka Circuit,5.807,18,0,0,Red Bull,1,3,2.2,4,4.2,4.526315789,5.356321839,0.172413793,2,1
Sergio Perez,Suzuka Circuit,5.807,18,0,0,Red Bull,4,4,4.2,3,2.2,7.210526316,8.329411765,0.376470588,2,2
Charles Leclerc,Suzuka Circuit,5.807,18,0,0,Ferrari,2,2.333333333,6.4,5,4.8,7.736842105,8.735632184,0.390804598,3,3
Esteban Ocon,Suzuka Circuit,5.807,18,0,0,Alpine F1 Team,5,12,10.6,14.33333333,11.4,10.94736842,10.48529412,0.514705882,5,4
Lewis Hamilton,Suzuka Circuit,5.807,18,0,0,Mercedes,6,6,4.4,14.33333333,11.4,3.578947368,3.188235294,0.035294118,1,5
Fernando Alonso,Suzuka Circuit,5.807,18,0,0,Alpine F1 Team,7,14.33333333,11.4,12,10.6,10.26315789,11.32075472,0.622641509,5,7
George Russell,Suzuka Circuit,5.807,18,0,0,Williams,8,6.333333333,5,14.5,14.75,14.68421053,12.91304348,0.666666667,8,8
Lando Norris,Suzuka Circuit,5.807,18,0,0,McLaren,9,6,6.4,13,12.6,6.736842105,8.927536232,0.362318841,4,10
Lance Stroll,Suzuka Circuit,5.807,18,0,0,Aston Martin,19,11.33333333,11,14,12.6,11.47368421,11.95402299,0.586206897,7,12
Valtteri Bottas,Suzuka Circuit,5.807,18,0,0,Alfa Romeo,12,14.33333333,15.4,14,12.6,6.789473684,6.264367816,0.206896552,9,15
Pierre Gasly,Suzuka Circuit,5.807,18,0,0,AlphaTauri,17,9.666666667,10.6,16.33333333,17.6,10,11.32183908,0.540229885,6,18
Carlos Sainz,Suzuka Circuit,5.807,18,0,0,Ferrari,3,5,4.8,2.333333333,6.4,6.105263158,8.804597701,0.413793103,3,19
Alexander Albon,Suzuka Circuit,5.807,18,0,1,Williams,16,10,14.75,17.33333333,17.4,10,10.26530612,0.346938776,8,20
Max Verstappen,Circuit of the Americas,5.513,20,0,0,Red Bull,3,3,2.2,3,3.8,4.526315789,5.306818182,0.170454545,2,1
Lewis Hamilton,Circuit of the Americas,5.513,20,0,0,Mercedes,5,6.333333333,5,3,3.8,3.578947368,3.174418605,0.034883721,1,2
Charles Leclerc,Circuit of the Americas,5.513,20,0,0,Ferrari,2,2.333333333,3.2,8.666666667,7.6,7.736842105,8.670454545,0.386363636,3,3
Sergio Perez,Circuit of the Americas,5.513,20,0,0,Red Bull,4,3,3.8,3,2.2,7.210526316,8.279069767,0.372093023,2,4
George Russell,Circuit of the Americas,5.513,20,0,0,Williams,6,8.333333333,6,14.33333333,15.8,14.68421053,12.8,0.657142857,8,5
Lando Norris,Circuit of the Americas,5.513,20,0,0,McLaren,8,7,7,11,13,6.736842105,8.885714286,0.357142857,4,6
Fernando Alonso,Circuit of the Americas,5.513,20,0,0,Alpine F1 Team,9,14.66666667,11.6,10.33333333,9.8,10.26315789,11.24074074,0.611111111,5,7
Esteban Ocon,Circuit of the Americas,5.513,20,0,0,Alpine F1 Team,18,10.33333333,9.8,14.66666667,11.6,10.94736842,10.49275362,0.507246377,5,11
Alexander Albon,Circuit of the Americas,5.513,20,0,1,Williams,12,10,16.5,14.33333333,15.8,10,10.32,0.34,8,13
Pierre Gasly,Circuit of the Americas,5.513,20,0,0,AlphaTauri,15,12,11.8,14,16.2,10,11.35227273,0.534090909,6,14
Lance Stroll,Circuit of the Americas,5.513,20,0,0,Aston Martin,7,12,11.4,11.33333333,11.6,11.47368421,12.02272727,0.590909091,7,18
Valtteri Bottas,Circuit of the Americas,5.513,20,0,0,Alfa Romeo,11,13,15.6,11.33333333,11.6,6.789473684,6.409090909,0.215909091,9,19
Carlos Sainz,Circuit of the Americas,5.513,20,0,0,Ferrari,1,8.666666667,7.6,2.333333333,3.2,6.105263158,8.931818182,0.420454545,3,20
Max Verstappen,Autodromo Hermanos Rodriguez,4.304,17,0,0,Red Bull,1,3,2.2,2.333333333,3.6,4.526315789,5.258426966,0.168539326,2,1
Lewis Hamilton,Autodromo Hermanos Rodriguez,4.304,17,0,0,Mercedes,3,5.333333333,5,2.333333333,3.6,3.578947368,3.16091954,0.034482759,1,2
Sergio Perez,Autodromo Hermanos Rodriguez,4.304,17,0,0,Red Bull,4,2.333333333,3.6,3,2.2,7.210526316,8.218390805,0.367816092,2,3
George Russell,Autodromo Hermanos Rodriguez,4.304,17,0,0,Williams,2,9,6.4,15,15.6,14.68421053,12.67605634,0.647887324,8,4
Carlos Sainz,Autodromo Hermanos Rodriguez,4.304,17,0,0,Ferrari,5,14,10.8,2.666666667,2.6,6.105263158,8.887640449,0.415730337,3,5
Charles Leclerc,Autodromo Hermanos Rodriguez,4.304,17,0,0,Ferrari,7,2.666666667,2.6,14,10.8,7.736842105,8.640449438,0.382022472,3,6
Esteban Ocon,Autodromo Hermanos Rodriguez,4.304,17,0,0,Alpine F1 Team,10,10.33333333,10.2,10.66666667,11.4,10.94736842,10.45714286,0.514285714,5,8
Lando Norris,Autodromo Hermanos Rodriguez,4.304,17,0,0,McLaren,8,6.666666667,6.8,10.66666667,13.2,6.736842105,8.887323944,0.366197183,4,9
Valtteri Bottas,Autodromo Hermanos Rodriguez,4.304,17,0,0,Alfa Romeo,6,15,15.4,10.66666667,13.2,6.789473684,6.449438202,0.224719101,9,10
Pierre Gasly,Autodromo Hermanos Rodriguez,4.304,17,0,0,AlphaTauri,14,14,12.2,12.66666667,14.4,10,11.34831461,0.539325843,6,11
Alexander Albon,Autodromo Hermanos Rodriguez,4.304,17,0,1,Williams,19,10,15.5,15,15.6,10,10.35294118,0.352941176,8,12
Lance Stroll,Autodromo Hermanos Rodriguez,4.304,17,0,0,Aston Martin,18,12,12.8,7.333333333,11.2,11.47368421,12.05617978,0.595505618,7,15
Fernando Alonso,Autodromo Hermanos Rodriguez,4.304,17,0,0,Alpine F1 Team,9,10.66666667,11.4,10.33333333,10.2,10.26315789,11.38181818,0.618181818,5,19
George Russell,Autodromo Jose Carlos Pace,4.309,15,0,0,Williams,9,5.666666667,6.8,14.66666667,15.6,14.68421053,12.51388889,0.638888889,8,1
Lewis Hamilton,Autodromo Jose Carlos Pace,4.309,15,0,0,Mercedes,9,3,4.6,14.66666667,15.6,3.578947368,3.147727273,0.034090909,1,2
Carlos Sainz,Autodromo Jose Carlos Pace,4.309,15,0,0,Ferrari,9,14.66666667,10.2,4,3.2,6.105263158,8.822222222,0.411111111,3,3
Charles Leclerc,Autodromo Jose Carlos Pace,4.309,15,0,0,Ferrari,9,4,3.2,14.66666667,10.2,7.736842105,8.588888889,0.377777778,3,4
Fernando Alonso,Autodromo Jose Carlos Pace,4.309,15,0,0,Alpine F1 Team,9,11,14,7.666666667,10,10.26315789,11.26785714,0.607142857,5,5
Max Verstappen,Autodromo Jose Carlos Pace,4.309,15,0,0,Red Bull,9,1,2.2,3,3.2,4.526315789,5.266666667,0.166666667,2,6
Sergio Perez,Autodromo Jose Carlos Pace,4.309,15,0,0,Red Bull,9,3,3.2,1,2.2,7.210526316,8.204545455,0.363636364,2,7
Esteban Ocon,Autodromo Jose Carlos Pace,4.309,15,0,0,Alpine F1 Team,9,7.666666667,10,11,14,10.94736842,10.42253521,0.507042254,5,8
Valtteri Bottas,Autodromo Jose Carlos Pace,4.309,15,0,0,Alfa Romeo,9,14.66666667,13.6,11,14,6.789473684,6.477777778,0.222222222,9,9
Lance Stroll,Autodromo Jose Carlos Pace,4.309,15,0,0,Aston Martin,9,15,13.8,9.333333333,11.2,11.47368421,12.03333333,0.588888889,7,10
Pierre Gasly,Autodromo Jose Carlos Pace,4.309,15,0,0,AlphaTauri,9,14.33333333,12.2,14.33333333,14.4,10,11.37777778,0.533333333,6,14
Alexander Albon,Autodromo Jose Carlos Pace,4.309,15,0,1,Williams,9,10,15.5,14.66666667,15.6,10,10.44230769,0.346153846,8,15
Lando Norris,Autodromo Jose Carlos Pace,4.309,15,0,0,McLaren,9,8.333333333,7.2,11.33333333,11.2,6.736842105,9.013888889,0.375,4,18
Max Verstappen,Yas Marina Circuit,5.281,16,0,0,Red Bull,1,2.666666667,3.2,4.666666667,3.4,4.526315789,5.21978022,0.164835165,2,1
Charles Leclerc,Yas Marina Circuit,5.281,16,0,0,Ferrari,3,4.333333333,3.6,9.333333333,10,7.736842105,8.516483516,0.373626374,3,2
Sergio Perez,Yas Marina Circuit,5.281,16,0,0,Red Bull,2,4.666666667,3.4,2.666666667,3.2,7.210526316,8.146067416,0.359550562,2,3
Carlos Sainz,Yas Marina Circuit,5.281,16,0,0,Ferrari,4,9.333333333,10,4.333333333,3.6,6.105263158,8.769230769,0.406593407,3,4
George Russell,Yas Marina Circuit,5.281,16,0,0,Williams,6,3.333333333,6.4,17,15.8,14.68421053,12.4109589,0.630136986,8,5
Lando Norris,Yas Marina Circuit,5.281,16,0,0,McLaren,7,11,9.4,14.33333333,11.8,6.736842105,8.97260274,0.369863014,4,6
Esteban Ocon,Yas Marina Circuit,5.281,16,0,0,Alpine F1 Team,8,9,9.4,10.33333333,11.2,10.94736842,10.375,0.5,5,7
Lance Stroll,Yas Marina Circuit,5.281,16,0,0,Aston Martin,14,14.33333333,12.2,11,9.4,11.47368421,11.98901099,0.582417582,7,8
Alexander Albon,Yas Marina Circuit,5.281,16,0,1,Williams,19,10,15.4,17,15.8,10,10.49056604,0.358490566,8,13
Pierre Gasly,Yas Marina Circuit,5.281,16,0,0,AlphaTauri,17,13,13.4,15.66666667,15,10,11.40659341,0.538461538,6,14
Valtteri Bottas,Yas Marina Circuit,5.281,16,0,0,Alfa Romeo,18,12.66666667,12.8,15.66666667,15,6.789473684,6.571428571,0.230769231,9,15
Lewis Hamilton,Yas Marina Circuit,5.281,16,0,0,Mercedes,5,2,4,15.66666667,15,3.578947368,3.314606742,0.04494382,1,18
Fernando Alonso,Yas Marina Circuit,5.281,16,0,0,Alpine F1 Team,11,10.33333333,11.2,9,9.4,10.26315789,11.42105263,0.614035088,5,20
Max Verstappen,Bahrain International Circuit,5.412,15,0,0,Red Bull,1,2.666666667,2,4.333333333,3.8,3.65,5.173913043,0.163043478,1,1
Sergio Perez,Bahrain International Circuit,5.412,15,0,0,Red Bull,2,4.333333333,3.8,2.666666667,2,5.8,8.077777778,0.355555556,1,2
Fernando Alonso,Bahrain International Circuit,5.412,15,0,0,Aston Martin,5,14.66666667,11.6,11,12.6,11.35,11.27586207,0.603448276,7,3
Carlos Sainz,Bahrain International Circuit,5.412,15,0,0,Ferrari,4,4,10.2,4,3.6,8.4,8.717391304,0.402173913,2,4
Lewis Hamilton,Bahrain International Circuit,5.412,15,0,0,Mercedes,7,7.333333333,5.8,3.333333333,4.6,5.25,3.333333333,0.044444444,3,5
Lance Stroll,Bahrain International Circuit,5.412,15,0,0,Aston Martin,9,11,12.6,14.66666667,11.6,12,11.92391304,0.576086957,7,6
George Russell,Bahrain International Circuit,5.412,15,0,0,Mercedes,6,3.333333333,4.6,7.333333333,5.8,5.05,12.33783784,0.621621622,3,7
Valtteri Bottas,Bahrain International Circuit,5.412,15,0,0,Alfa Romeo,13,11.33333333,13.6,12.33333333,13,11.9,6.586956522,0.22826087,6,8
Pierre Gasly,Bahrain International Circuit,5.412,15,0,0,AlphaTauri,17,13,14.2,7.666666667,7.6,12.7,11.38043478,0.532608696,9,9
Alexander Albon,Bahrain International Circuit,5.412,15,0,0,Williams,14,13.33333333,14.6,10,10,13.89473684,10.48148148,0.351851852,10,10
Nico Hulkenberg,Bahrain International Circuit,5.412,15,0,1,Haas F1 Team,8,10,10,17.66666667,15.2,14.5,11.61904762,0.571428571,8,15
Lando Norris,Bahrain International Circuit,5.412,15,0,0,McLaren,11,11,9.8,10,10,8.75,9.081081081,0.364864865,5,17
Esteban Ocon,Bahrain International Circuit,5.412,15,0,0,AlphaTauri,10,7.666666667,7.6,10,10,8.8,10.47945205,0.506849315,9,18
Charles Leclerc,Bahrain International Circuit,5.412,15,0,0,Ferrari,3,4,3.6,4,10.2,5.55,8.630434783,0.380434783,2,19
Oscar Piastri,Bahrain International Circuit,5.412,15,0,1,McLaren,19,10,10,11,9.8,10,20,1,5,20
Sergio Perez,Jeddah Corniche Circuit,6.174,27,1,0,Red Bull,1,4,3.8,2.666666667,2,5.8,8,0.351648352,1,1
Max Verstappen,Jeddah Corniche Circuit,6.174,27,1,0,Red Bull,4,2.666666667,2,4,3.8,3.65,5.139784946,0.161290323,1,2
Fernando Alonso,Jeddah Corniche Circuit,6.174,27,1,0,Aston Martin,3,9.333333333,10.8,8,11.4,11.35,11.13559322,0.593220339,7,3
George Russell,Jeddah Corniche Circuit,6.174,27,1,0,Mercedes,5,4.333333333,4.4,8.333333333,5.8,5.05,12.22666667,0.613333333,3,4
Lewis Hamilton,Jeddah Corniche Circuit,6.174,27,1,0,Mercedes,9,8.333333333,5.8,4.333333333,4.4,5.25,3.351648352,0.043956044,3,5
Carlos Sainz,Jeddah Corniche Circuit,6.174,27,1,0,Ferrari,6,3.666666667,7.2,8.333333333,6.8,8.4,8.688172043,0.397849462,2,6
Charles Leclerc,Jeddah Corniche Circuit,6.174,27,1,0,Ferrari,2,8.333333333,6.8,3.666666667,7.2,5.55,8.612903226,0.376344086,2,7
Esteban Ocon,Jeddah Corniche Circuit,6.174,27,1,0,AlphaTauri,8,11,10.4,14,14,8.8,10.44594595,0.5,9,8
Pierre Gasly,Jeddah Corniche Circuit,6.174,27,1,0,AlphaTauri,11,12.33333333,12.4,14,14,12.7,11.35483871,0.52688172,9,9
Nico Hulkenberg,Jeddah Corniche Circuit,6.174,27,1,1,Haas F1 Team,12,10,15,16.33333333,15,14.5,11.62790698,0.558139535,8,12
Oscar Piastri,Jeddah Corniche Circuit,6.174,27,1,1,McLaren,10,10,20,13.66666667,11.2,10,17.5,0.5,5,15
Lando Norris,Jeddah Corniche Circuit,6.174,27,1,0,McLaren,20,13.66666667,11.2,20,20,8.75,9.186666667,0.36,5,17
Valtteri Bottas,Jeddah Corniche Circuit,6.174,27,1,0,Alfa Romeo,15,10.66666667,12.2,13.33333333,13,11.9,6.709677419,0.225806452,6,18
Alexander Albon,Jeddah Corniche Circuit,6.174,27,1,0,Williams,18,12.66666667,12.6,12,12,13.89473684,10.63636364,0.363636364,10,19
Lance Stroll,Jeddah Corniche Circuit,6.174,27,1,0,Aston Martin,7,8,11.4,9.333333333,10.8,12,12.01075269,0.580645161,7,20
Max Verstappen,Albert Park Grand Prix Circuit,5.278,14,1,0,Red Bull,1,1.333333333,2.2,2,3.2,3.65,5.095744681,0.159574468,1,1
Lewis Hamilton,Albert Park Grand Prix Circuit,5.278,14,1,0,Mercedes,3,9.333333333,6.4,5.333333333,4.2,5.25,3.336956522,0.043478261,3,2
Fernando Alonso,Albert Park Grand Prix Circuit,5.278,14,1,0,Aston Martin,4,8.666666667,10,11.33333333,11.8,11.35,11,0.583333333,7,3
Lance Stroll,Albert Park Grand Prix Circuit,5.278,14,1,0,Aston Martin,6,11.33333333,11.8,8.666666667,10,12,11.92553191,0.574468085,7,4
Sergio Perez,Albert Park Grand Prix Circuit,5.278,14,1,0,Red Bull,20,2,3.2,1.333333333,2.2,5.8,7.967391304,0.347826087,1,5
Lando Norris,Albert Park Grand Prix Circuit,5.278,14,1,0,McLaren,13,13.33333333,13.4,17.5,17.5,8.75,9.144736842,0.355263158,5,6
Nico Hulkenberg,Albert Park Grand Prix Circuit,5.278,14,1,1,Haas F1 Team,8,10,13.5,13.33333333,15.2,14.5,11.52272727,0.545454545,8,7
Oscar Piastri,Albert Park Grand Prix Circuit,5.278,14,1,1,McLaren,16,10,17.5,13.33333333,13.4,10,14.33333333,0.333333333,5,8
Valtteri Bottas,Albert Park Grand Prix Circuit,5.278,14,1,0,Alfa Romeo,19,13.66666667,12,13.66666667,13.2,11.9,6.755319149,0.223404255,6,11
Carlos Sainz,Albert Park Grand Prix Circuit,5.278,14,1,0,Ferrari,5,4.666666667,4.4,9.333333333,7.6,8.4,8.723404255,0.393617021,2,12
Pierre Gasly,Albert Park Grand Prix Circuit,5.278,14,1,0,AlphaTauri,9,10.66666667,11.4,14,14,12.7,11.37234043,0.531914894,9,13
Esteban Ocon,Albert Park Grand Prix Circuit,5.278,14,1,0,AlphaTauri,11,11,9.8,14,14,8.8,10.49333333,0.506666667,9,14
George Russell,Albert Park Grand Prix Circuit,5.278,14,1,0,Mercedes,2,5.333333333,4.2,9.333333333,6.4,5.05,12.30263158,0.618421053,3,18
Alexander Albon,Albert Park Grand Prix Circuit,5.278,14,1,0,Williams,10,14,13.8,14,14,13.89473684,10.78571429,0.375,10,19
Charles Leclerc,Albert Park Grand Prix Circuit,5.278,14,1,0,Ferrari,7,9.333333333,7.6,4.666666667,4.4,5.55,8.734042553,0.382978723,2,20
Sergio Perez,Baku City Circuit,6.003,20,1,0,Red Bull,7,2.666666667,3.6,1.333333333,2.2,5.8,7.892473118,0.344086022,1,1
Max Verstappen,Baku City Circuit,6.003,20,1,0,Red Bull,7,1.333333333,2.2,2.666666667,3.6,3.65,5.063157895,0.157894737,1,2
Charles Leclerc,Baku City Circuit,6.003,20,1,0,Ferrari,7,15.33333333,10.4,7.333333333,5.8,5.55,8.673684211,0.378947368,2,3
Fernando Alonso,Baku City Circuit,6.003,20,1,0,Aston Martin,7,3,6.8,10,9.6,11.35,10.8852459,0.573770492,7,4
Carlos Sainz,Baku City Circuit,6.003,20,1,0,Ferrari,7,7.333333333,5.8,15.33333333,10.4,8.4,8.684210526,0.389473684,2,5
Lewis Hamilton,Baku City Circuit,6.003,20,1,0,Mercedes,7,4,6.4,9.666666667,7,5.25,3.365591398,0.043010753,3,6
Lance Stroll,Baku City Circuit,6.003,20,1,0,Aston Martin,7,10,9.6,3,6.8,12,11.87368421,0.568421053,7,7
George Russell,Baku City Circuit,6.003,20,1,0,Mercedes,7,9.666666667,7,4,6.4,5.05,12.24675325,0.61038961,3,8
Lando Norris,Baku City Circuit,6.003,20,1,0,McLaren,7,13.33333333,12.8,14.33333333,14.33333333,8.75,9.142857143,0.350649351,5,9
Oscar Piastri,Baku City Circuit,6.003,20,1,1,McLaren,7,10,14.33333333,13.33333333,12.8,10,13.5,0.25,5,11
Alexander Albon,Baku City Circuit,6.003,20,1,0,Williams,7,16,15.2,14.66666667,14.66666667,13.89473684,10.80701754,0.368421053,10,12
Pierre Gasly,Baku City Circuit,6.003,20,1,0,AlphaTauri,7,10.33333333,11.8,14.33333333,14.33333333,12.7,11.4,0.526315789,9,14
Esteban Ocon,Baku City Circuit,6.003,20,1,0,AlphaTauri,7,13.33333333,11,14.33333333,14.33333333,8.8,10.55263158,0.5,9,15
Nico Hulkenberg,Baku City Circuit,6.003,20,1,1,Haas F1 Team,7,10,11.33333333,13.33333333,15.2,14.5,11.64444444,0.533333333,8,17
Valtteri Bottas,Baku City Circuit,6.003,20,1,0,Alfa Romeo,7,12.33333333,12.2,12.66666667,12.4,11.9,6.873684211,0.221052632,6,18
Max Verstappen,Miami International Autodrome,5.412,19,0,0,Red Bull,1,1.666666667,1.4,2.333333333,2.4,3.65,5.020833333,0.15625,1,1
Sergio Perez,Miami International Autodrome,5.412,19,0,0,Red Bull,2,2.333333333,2.4,1.666666667,1.4,5.8,7.829787234,0.340425532,1,2
Fernando Alonso,Miami International Autodrome,5.412,19,0,0,Aston Martin,4,3.333333333,6.6,10.33333333,9,11.35,10.75806452,0.564516129,7,3
George Russell,Miami International Autodrome,5.412,19,0,0,Mercedes,10,10,8.4,4.333333333,7.2,5.05,12.14102564,0.602564103,3,4
Carlos Sainz,Miami International Autodrome,5.412,19,0,0,Ferrari,5,7.666666667,6.2,10,10.2,8.4,8.645833333,0.385416667,2,5
Lewis Hamilton,Miami International Autodrome,5.412,19,0,0,Mercedes,12,4.333333333,7.2,10,8.4,5.25,3.393617021,0.042553191,3,6
Charles Leclerc,Miami International Autodrome,5.412,19,0,0,Ferrari,3,10,10.2,7.666666667,6.2,5.55,8.65625,0.375,2,7
Pierre Gasly,Miami International Autodrome,5.412,19,0,0,AlphaTauri,8,12,11.8,16.33333333,15.75,12.7,11.36458333,0.520833333,9,8
Esteban Ocon,Miami International Autodrome,5.412,19,0,0,AlphaTauri,6,12.33333333,12.4,16.33333333,15.75,8.8,10.53246753,0.493506494,9,9
Lance Stroll,Miami International Autodrome,5.412,19,0,0,Aston Martin,18,10.33333333,9,3.333333333,6.6,12,11.875,0.5625,7,12
Valtteri Bottas,Miami International Autodrome,5.412,19,0,0,Alfa Romeo,7,15.66666667,14,13.66666667,13.8,11.9,6.9375,0.21875,6,13
Alexander Albon,Miami International Autodrome,5.412,19,0,0,Williams,11,16.66666667,14.6,16,15,13.89473684,10.86206897,0.362068966,10,14
Nico Hulkenberg,Miami International Autodrome,5.412,19,0,1,Haas F1 Team,13,10,12.75,13.33333333,14,14.5,11.7173913,0.52173913,8,15
Lando Norris,Miami International Autodrome,5.412,19,0,0,McLaren,16,10.66666667,11,11.33333333,13.5,8.75,9.243589744,0.346153846,5,17
Oscar Piastri,Miami International Autodrome,5.412,19,0,1,McLaren,19,10,13.5,10.66666667,11,10,14.6,0.2,5,19
Max Verstappen,Circuit de Barcelona-Catalunya,4.657,16,0,0,Red Bull,1,1.333333333,1.4,2.666666667,2.2,3.65,4.979381443,0.154639175,1,1
Lewis Hamilton,Circuit de Barcelona-Catalunya,4.657,16,0,0,Mercedes,5,4.666666667,4.8,10,8.2,5.25,3.378947368,0.042105263,3,2
George Russell,Circuit de Barcelona-Catalunya,4.657,16,0,0,Mercedes,12,10,8.2,4.666666667,4.8,5.05,12.02531646,0.594936709,3,3
Sergio Perez,Circuit de Barcelona-Catalunya,4.657,16,0,0,Red Bull,13,2.666666667,2.2,1.333333333,1.4,5.8,7.789473684,0.336842105,1,4
Carlos Sainz,Circuit de Barcelona-Catalunya,4.657,16,0,0,Ferrari,2,7.333333333,6.4,10,11.2,8.4,8.608247423,0.381443299,2,5
Lance Stroll,Circuit de Barcelona-Catalunya,4.657,16,0,0,Aston Martin,6,7.666666667,9.8,3.333333333,3.2,12,11.81443299,0.556701031,7,6
Fernando Alonso,Circuit de Barcelona-Catalunya,4.657,16,0,0,Aston Martin,9,3.333333333,3.2,7.666666667,9.8,11.35,10.6984127,0.555555556,7,7
Esteban Ocon,Circuit de Barcelona-Catalunya,4.657,16,0,0,AlphaTauri,7,12.66666667,12.8,17.66666667,16.2,8.8,10.5,0.487179487,9,8
Pierre Gasly,Circuit de Barcelona-Catalunya,4.657,16,0,0,AlphaTauri,4,11.66666667,10.6,17.66666667,16.2,12.7,11.35051546,0.515463918,9,10
Charles Leclerc,Circuit de Barcelona-Catalunya,4.657,16,0,0,Ferrari,19,10,11.2,7.333333333,6.4,5.55,8.680412371,0.371134021,2,11
Oscar Piastri,Circuit de Barcelona-Catalunya,4.657,16,0,1,McLaren,8,10,14.6,10.66666667,13.2,10,14.33333333,0.166666667,5,13
Nico Hulkenberg,Circuit de Barcelona-Catalunya,4.657,16,0,1,Haas F1 Team,10,10,13.2,13.33333333,12.6,14.5,11.78723404,0.510638298,8,15
Alexander Albon,Circuit de Barcelona-Catalunya,4.657,16,0,0,Williams,18,15,14.8,17.33333333,16,13.89473684,10.94915254,0.355932203,10,16
Lando Norris,Circuit de Barcelona-Catalunya,4.657,16,0,0,McLaren,3,10.66666667,13.2,12.66666667,14.6,8.75,9.341772152,0.341772152,5,17
Valtteri Bottas,Circuit de Barcelona-Catalunya,4.657,16,0,0,Alfa Romeo,16,14,13.6,14.66666667,14.6,11.9,7.06185567,0.216494845,6,19
Max Verstappen,Circuit Gilles Villeneuve,4.361,14,1,0,Red Bull,2,1.333333333,1.4,2.333333333,2.6,3.65,4.93877551,0.153061224,1,1
Fernando Alonso,Circuit Gilles Villeneuve,4.361,14,1,0,Aston Martin,5,4.666666667,4,8.333333333,9.8,11.35,10.5625,0.546875,7,2
Lewis Hamilton,Circuit Gilles Villeneuve,4.361,14,1,0,Mercedes,10,4.666666667,4.2,5,7.4,5.25,3.375,0.041666667,3,3
Charles Leclerc,Circuit Gilles Villeneuve,4.361,14,1,0,Ferrari,11,7,9.6,5,6.6,5.55,8.632653061,0.367346939,2,4
Carlos Sainz,Circuit Gilles Villeneuve,4.361,14,1,0,Ferrari,6,5,6.6,7,9.6,8.4,8.571428571,0.37755102,2,5
Sergio Perez,Circuit Gilles Villeneuve,4.361,14,1,0,Red Bull,12,2.333333333,2.6,1.333333333,1.4,5.8,7.770833333,0.333333333,1,6
Alexander Albon,Circuit Gilles Villeneuve,4.361,14,1,0,Williams,1,14,16,18.66666667,17.6,13.89473684,10.88333333,0.35,10,7
Esteban Ocon,Circuit Gilles Villeneuve,4.361,14,1,0,AlphaTauri,9,10.66666667,10.8,17.33333333,16.2,8.8,10.46835443,0.481012658,9,8
Lance Stroll,Circuit Gilles Villeneuve,4.361,14,1,0,Aston Martin,13,8.333333333,9.8,4.666666667,4,12,11.78571429,0.551020408,7,9
Valtteri Bottas,Circuit Gilles Villeneuve,4.361,14,1,0,Alfa Romeo,15,16.66666667,15.8,14.66666667,13.2,11.9,7.091836735,0.214285714,6,10
Oscar Piastri,Circuit Gilles Villeneuve,4.361,14,1,1,McLaren,4,10,13.2,14.33333333,13.2,10,13.85714286,0.142857143,5,11
Pierre Gasly,Circuit Gilles Villeneuve,4.361,14,1,0,AlphaTauri,17,10.66666667,10.8,17.33333333,16.2,12.7,11.35714286,0.510204082,9,12
Lando Norris,Circuit Gilles Villeneuve,4.361,14,1,0,McLaren,3,14.33333333,13.2,14.33333333,13.2,8.75,9.3875,0.3375,5,13
Nico Hulkenberg,Circuit Gilles Villeneuve,4.361,14,1,1,Haas F1 Team,8,10,13.2,13.66666667,13.6,14.5,11.85416667,0.5,8,15
George Russell,Circuit Gilles Villeneuve,4.361,14,1,0,Mercedes,7,5,7.4,4.666666667,4.2,5.05,12.1125,0.6,3,19
Max Verstappen,Red Bull Ring,4.318,10,0,0,Red Bull,7,1,1.2,4,3.6,3.65,4.898989899,0.151515152,1,1
Charles Leclerc,Red Bull Ring,4.318,10,0,0,Ferrari,7,7.333333333,9,5,6.4,5.55,8.565656566,0.363636364,2,2
Sergio Perez,Red Bull Ring,4.318,10,0,0,Red Bull,7,4,3.6,1,1.2,5.8,7.721649485,0.329896907,1,3
Lando Norris,Red Bull Ring,4.318,10,0,0,McLaren,7,15.66666667,12.4,14.33333333,12.4,8.75,9.320987654,0.333333333,5,4
Fernando Alonso,Red Bull Ring,4.318,10,0,0,Aston Martin,7,4,3.8,9,7.6,11.35,10.47692308,0.538461538,7,5
Carlos Sainz,Red Bull Ring,4.318,10,0,0,Ferrari,7,5,6.4,7.333333333,9,8.4,8.545454545,0.373737374,2,6
George Russell,Red Bull Ring,4.318,10,0,0,Mercedes,7,8.666666667,10.4,3.666666667,3.8,5.05,12.04938272,0.592592593,3,7
Lewis Hamilton,Red Bull Ring,4.318,10,0,0,Mercedes,7,3.666666667,3.8,8.666666667,10.4,5.25,3.422680412,0.041237113,3,8
Lance Stroll,Red Bull Ring,4.318,10,0,0,Aston Martin,7,9,7.6,4,3.8,12,11.75757576,0.545454545,7,9
Pierre Gasly,Red Bull Ring,4.318,10,0,0,AlphaTauri,7,10,11.4,12.33333333,11.4,12.7,11.34343434,0.505050505,9,10
Alexander Albon,Red Bull Ring,4.318,10,0,0,Williams,7,12.33333333,13.6,20,18.4,13.89473684,10.8852459,0.344262295,10,11
Esteban Ocon,Red Bull Ring,4.318,10,0,0,AlphaTauri,7,8.333333333,10.8,12.33333333,11.4,8.8,10.5125,0.475,9,14
Valtteri Bottas,Red Bull Ring,4.318,10,0,0,Alfa Romeo,7,14,14.2,13.66666667,13.8,11.9,7.171717172,0.212121212,6,15
Oscar Piastri,Red Bull Ring,4.318,10,0,1,McLaren,7,10,12.4,15.66666667,12.4,10,14.125,0.125,5,16
Nico Hulkenberg,Red Bull Ring,4.318,10,0,1,Haas F1 Team,7,10,13.8,15,15,14.5,12.02040816,0.510204082,8,20
Max Verstappen,Silverstone Circuit,5.891,18,0,0,Red Bull,1,1,1.2,4.333333333,3.2,3.65,4.86,0.15,1,1
Lando Norris,Silverstone Circuit,5.891,18,0,0,McLaren,2,11.33333333,12,13.33333333,14,8.75,9.231707317,0.329268293,5,2
Lewis Hamilton,Silverstone Circuit,5.891,18,0,0,Mercedes,7,4.333333333,5,9.666666667,8.2,5.25,3.418367347,0.040816327,3,3
Oscar Piastri,Silverstone Circuit,5.891,18,0,1,McLaren,3,10,14,11.33333333,12,10,13,0.111111111,5,4
George Russell,Silverstone Circuit,5.891,18,0,0,Mercedes,6,9.666666667,8.2,4.333333333,5,5.05,11.96341463,0.585365854,3,5
Sergio Perez,Silverstone Circuit,5.891,18,0,0,Red Bull,16,4.333333333,3.2,1,1.2,5.8,7.704081633,0.326530612,1,6
Fernando Alonso,Silverstone Circuit,5.891,18,0,0,Aston Martin,9,4.666666667,4.2,8,8.6,11.35,10.42424242,0.53030303,7,7
Alexander Albon,Silverstone Circuit,5.891,18,0,0,Williams,8,11.33333333,12,17.66666667,17.8,13.89473684,10.83870968,0.338709677,10,8
Charles Leclerc,Silverstone Circuit,5.891,18,0,0,Ferrari,4,5.666666667,5.4,5.333333333,5.2,5.55,8.57,0.36,2,9
Carlos Sainz,Silverstone Circuit,5.891,18,0,0,Ferrari,5,5.333333333,5.2,5.666666667,5.4,8.4,8.56,0.37,2,10
Valtteri Bottas,Silverstone Circuit,5.891,18,0,0,Alfa Romeo,15,14.66666667,15,12.33333333,14.4,11.9,7.22,0.21,6,12
Nico Hulkenberg,Silverstone Circuit,5.891,18,0,1,Haas F1 Team,11,10,16.4,17.66666667,15.2,14.5,12.04,0.5,8,13
Lance Stroll,Silverstone Circuit,5.891,18,0,0,Aston Martin,12,8,8.6,4.666666667,4.2,12,11.78,0.54,7,14
Pierre Gasly,Silverstone Circuit,5.891,18,0,0,AlphaTauri,10,10.66666667,10.8,10,10.8,12.7,11.41,0.51,9,18
Esteban Ocon,Silverstone Circuit,5.891,18,0,0,AlphaTauri,13,10,10.8,10.66666667,10.8,8.8,10.62962963,0.481481481,9,20
Max Verstappen,Hungaroring,4.909,14,0,0,Red Bull,2,1,1,5,4.2,3.65,4.821782178,0.148514851,1,1
Lando Norris,Hungaroring,4.909,14,0,0,McLaren,3,6.333333333,10.6,10.33333333,12.6,8.75,9.144578313,0.325301205,5,2
Sergio Perez,Hungaroring,4.909,14,0,0,Red Bull,9,5,4.2,1,1,5.8,7.656565657,0.323232323,1,3
Lewis Hamilton,Hungaroring,4.909,14,0,0,Mercedes,1,4.666666667,4.4,10.33333333,7.6,5.25,3.424242424,0.04040404,3,4
Oscar Piastri,Hungaroring,4.909,14,0,1,McLaren,4,10,12.6,6.333333333,10.6,10,12.2,0.1,5,5
George Russell,Hungaroring,4.909,14,0,0,Mercedes,18,10.33333333,7.6,4.666666667,4.4,5.05,11.89156627,0.578313253,3,6
Charles Leclerc,Hungaroring,4.909,14,0,0,Ferrari,6,5,6.6,7,6.2,5.55,8.554455446,0.356435644,2,7
Carlos Sainz,Hungaroring,4.909,14,0,0,Ferrari,11,7,6.2,5,6.6,8.4,8.554455446,0.366336634,2,8
Fernando Alonso,Hungaroring,4.909,14,0,0,Aston Martin,8,4.666666667,4.8,10.66666667,10,11.35,10.40298507,0.52238806,7,9
Lance Stroll,Hungaroring,4.909,14,0,0,Aston Martin,13,10.66666667,10,4.666666667,4.8,12,11.76237624,0.534653465,7,10
Alexander Albon,Hungaroring,4.909,14,0,0,Williams,16,8.666666667,11.2,14.66666667,16.8,13.89473684,10.84126984,0.333333333,10,11
Valtteri Bottas,Hungaroring,4.909,14,0,0,Alfa Romeo,7,12.33333333,13.8,14.33333333,13.6,11.9,7.267326733,0.207920792,6,12
Nico Hulkenberg,Hungaroring,4.909,14,0,1,Haas F1 Team,10,10,15.6,18,16.4,14.5,12.07843137,0.490196078,8,14
Esteban Ocon,Hungaroring,4.909,14,0,0,AlphaTauri,12,14,11.8,13.33333333,11.6,8.8,10.73170732,0.487804878,9,19
Pierre Gasly,Hungaroring,4.909,14,0,0,AlphaTauri,15,13.33333333,11.6,14,11.8,12.7,11.4950495,0.514851485,9,20
Max Verstappen,Circuit Park Zandvoort,4.259,14,0,0,Red Bull,1,1,1,4,4.4,3.65,4.784313725,0.147058824,1,1
Fernando Alonso,Circuit Park Zandvoort,4.259,14,0,0,Aston Martin,5,7,6,11,9.6,11.35,10.27941176,0.514705882,7,2
Pierre Gasly,Circuit Park Zandvoort,4.259,14,0,0,AlphaTauri,12,16,14,16.66666667,15.2,12.7,11.41176471,0.509803922,9,3
Sergio Perez,Circuit Park Zandvoort,4.259,14,0,0,Red Bull,7,4,4.4,1,1,5.8,7.62,0.32,1,4
Carlos Sainz,Circuit Park Zandvoort,4.259,14,0,0,Ferrari,6,8,6.8,6,6.6,8.4,8.519607843,0.362745098,2,5
Lewis Hamilton,Circuit Park Zandvoort,4.259,14,0,0,Mercedes,13,5,4,6,8,5.25,3.45,0.04,3,6
Lando Norris,Circuit Park Zandvoort,4.259,14,0,0,McLaren,2,2.666666667,7.6,8.333333333,9.8,8.75,9.119047619,0.321428571,5,7
Alexander Albon,Circuit Park Zandvoort,4.259,14,0,0,Williams,4,10,10.6,14,16.4,13.89473684,10.796875,0.328125,10,8
Oscar Piastri,Circuit Park Zandvoort,4.259,14,0,1,McLaren,8,10,9.8,2.666666667,7.6,10,11.90909091,0.090909091,5,9
Esteban Ocon,Circuit Park Zandvoort,4.259,14,0,0,AlphaTauri,17,17.66666667,13.8,16.66666667,15.2,8.8,10.72289157,0.481927711,9,10
Lance Stroll,Circuit Park Zandvoort,4.259,14,0,0,Aston Martin,11,11,9.6,7,6,12,11.75490196,0.529411765,7,11
Nico Hulkenberg,Circuit Park Zandvoort,4.259,14,0,1,Haas F1 Team,15,10,15.4,18,17.8,14.5,12.07692308,0.480769231,8,12
Liam Lawson,Circuit Park Zandvoort,4.259,14,0,1,Unknown,20,10,10,18,17.8,10,13,0,10,13
Valtteri Bottas,Circuit Park Zandvoort,4.259,14,0,0,Alfa Romeo,19,13,13.6,14.33333333,13.6,11.9,7.333333333,0.205882353,6,14
George Russell,Circuit Park Zandvoort,4.259,14,0,0,Mercedes,3,6,8,5,4,5.05,11.95238095,0.571428571,3,17
Charles Leclerc,Circuit Park Zandvoort,4.259,14,0,0,Ferrari,9,6,6.6,8,6.8,5.55,8.656862745,0.362745098,2,19
Max Verstappen,Autodromo Nazionale di Monza,5.793,11,0,0,Red Bull,2,1,1,4.333333333,4.4,3.65,4.747572816,0.145631068,1,1
Sergio Perez,Autodromo Nazionale di Monza,5.793,11,0,0,Red Bull,5,4.333333333,4.4,1,1,5.8,7.564356436,0.316831683,1,2
Carlos Sainz,Autodromo Nazionale di Monza,5.793,11,0,0,Ferrari,1,7.666666667,6.8,11.66666667,8.2,8.4,8.466019417,0.359223301,2,3
Charles Leclerc,Autodromo Nazionale di Monza,5.793,11,0,0,Ferrari,3,11.66666667,8.2,7.666666667,6.8,5.55,8.611650485,0.359223301,2,4
George Russell,Autodromo Nazionale di Monza,5.793,11,0,0,Mercedes,4,9.333333333,10.8,4.333333333,4.8,5.05,11.87058824,0.564705882,3,5
Lewis Hamilton,Autodromo Nazionale di Monza,5.793,11,0,0,Mercedes,8,4.333333333,4.8,9.333333333,10.8,5.25,3.475247525,0.03960396,3,6
Alexander Albon,Autodromo Nazionale di Monza,5.793,11,0,0,Williams,6,9,9,16.33333333,16.4,13.89473684,10.73846154,0.323076923,10,7
Lando Norris,Autodromo Nazionale di Monza,5.793,11,0,0,McLaren,9,3.666666667,5.6,6,9,8.75,9.105882353,0.317647059,5,8
Fernando Alonso,Autodromo Nazionale di Monza,5.793,11,0,0,Aston Martin,10,6,5,11.66666667,10.6,11.35,10.26086957,0.507246377,7,9
Valtteri Bottas,Autodromo Nazionale di Monza,5.793,11,0,0,Alfa Romeo,15,12.66666667,12.6,16.33333333,15.4,11.9,7.359223301,0.203883495,6,10
Liam Lawson,Autodromo Nazionale di Monza,5.793,11,0,1,Unknown,12,10,13,16.33333333,15.4,10,12,0,10,11
Oscar Piastri,Autodromo Nazionale di Monza,5.793,11,0,1,McLaren,7,10,9,3.666666667,5.6,10,11.91666667,0.083333333,5,12
Pierre Gasly,Autodromo Nazionale di Monza,5.793,11,0,0,AlphaTauri,17,13.66666667,12.6,15.33333333,15.8,12.7,11.44660194,0.504854369,9,15
Lance Stroll,Autodromo Nazionale di Monza,5.793,11,0,0,Aston Martin,20,11.66666667,10.6,6,5,12,11.7961165,0.524271845,7,16
Nico Hulkenberg,Autodromo Nazionale di Monza,5.793,11,0,1,Haas F1 Team,13,10,14.8,17.33333333,17.4,14.5,12.16981132,0.471698113,8,17
Esteban Ocon,Autodromo Nazionale di Monza,5.793,11,0,0,AlphaTauri,18,16.33333333,14.2,15.33333333,15.8,8.8,10.82142857,0.488095238,9,19
Carlos Sainz,Marina Bay Street Circuit,4.94,19,1,0,Ferrari,1,5.333333333,6.4,10,8.2,8.4,8.394230769,0.355769231,2,1
Lando Norris,Marina Bay Street Circuit,4.94,19,1,0,McLaren,4,5.666666667,4.6,8.666666667,9.2,8.75,9.023255814,0.313953488,5,2
Lewis Hamilton,Marina Bay Street Circuit,4.94,19,1,0,Mercedes,5,5.333333333,5.4,9.333333333,8,5.25,3.470588235,0.039215686,3,3
Charles Leclerc,Marina Bay Street Circuit,4.94,19,1,0,Ferrari,3,10,8.2,5.333333333,6.4,5.55,8.567307692,0.355769231,2,4
Max Verstappen,Marina Bay Street Circuit,4.94,19,1,0,Red Bull,13,1,1,3,3.6,3.65,4.75,0.144230769,1,5
Pierre Gasly,Marina Bay Street Circuit,4.94,19,1,0,AlphaTauri,14,12.66666667,13.2,16.66666667,17,12.7,11.39423077,0.5,9,6
Oscar Piastri,Marina Bay Street Circuit,4.94,19,1,1,McLaren,17,10,9.2,5.666666667,4.6,10,11.53846154,0.076923077,5,7
Sergio Perez,Marina Bay Street Circuit,4.94,19,1,0,Red Bull,11,3,3.6,1,1,5.8,7.568627451,0.31372549,1,8
Liam Lawson,Marina Bay Street Circuit,4.94,19,1,1,Unknown,12,10,12,1,1,10,11,0,10,9
Alexander Albon,Marina Bay Street Circuit,4.94,19,1,0,Williams,15,8.666666667,9,17,15,13.89473684,10.74242424,0.318181818,10,11
Nico Hulkenberg,Marina Bay Street Circuit,4.94,19,1,1,Haas F1 Team,9,10,15.2,17,17.6,14.5,12.18518519,0.462962963,8,13
Fernando Alonso,Marina Bay Street Circuit,4.94,19,1,0,Aston Martin,7,6.666666667,6.4,12.33333333,12,11.35,10.32857143,0.5,7,15
George Russell,Marina Bay Street Circuit,4.94,19,1,0,Mercedes,2,9.333333333,8,5.333333333,5.4,5.05,11.91860465,0.569767442,3,16
Valtteri Bottas,Marina Bay Street Circuit,4.94,19,1,0,Alfa Romeo,16,12,12.6,16,15,11.9,7.451923077,0.211538462,6,17
Esteban Ocon,Marina Bay Street Circuit,4.94,19,1,0,AlphaTauri,8,16,16.4,16.66666667,17,8.8,10.90588235,0.494117647,9,18
Lance Stroll,Marina Bay Street Circuit,4.94,19,1,0,Aston Martin,20,12.33333333,12,6.666666667,6.4,12,11.875,0.528846154,7,20
Max Verstappen,Suzuka Circuit,5.807,18,0,0,Red Bull,1,2.333333333,1.8,4.666666667,4.6,3.65,4.714285714,0.142857143,1,1
Lando Norris,Suzuka Circuit,5.807,18,0,0,McLaren,3,5.666666667,4.2,9.333333333,7.4,8.75,8.942528736,0.310344828,5,2
Oscar Piastri,Suzuka Circuit,5.807,18,0,1,McLaren,2,10,7.4,5.666666667,4.2,10,10.92857143,0.071428571,5,3
Charles Leclerc,Suzuka Circuit,5.807,18,0,0,Ferrari,4,9,8.6,3,5.4,5.55,8.523809524,0.352380952,2,4
Lewis Hamilton,Suzuka Circuit,5.807,18,0,0,Mercedes,7,5,4.4,12.66666667,9.8,5.25,3.485436893,0.038834951,3,5
Carlos Sainz,Suzuka Circuit,5.807,18,0,0,Ferrari,6,3,5.4,9,8.6,8.4,8.371428571,0.352380952,2,6
George Russell,Suzuka Circuit,5.807,18,0,0,Mercedes,9,12.66666667,9.8,5,4.4,5.05,11.86206897,0.563218391,3,7
Fernando Alonso,Suzuka Circuit,5.807,18,0,0,Aston Martin,11,8.666666667,8.4,15.66666667,14.2,11.35,10.29577465,0.492957746,7,8
Esteban Ocon,Suzuka Circuit,5.807,18,0,0,AlphaTauri,14,15.66666667,17.2,18,17,8.8,10.88372093,0.488372093,9,9
Pierre Gasly,Suzuka Circuit,5.807,18,0,0,AlphaTauri,12,8,12.4,18,17,12.7,11.38095238,0.495238095,9,10
Liam Lawson,Suzuka Circuit,5.807,18,0,1,Unknown,10,10,11,18,17,10,11,0,10,11
Nico Hulkenberg,Suzuka Circuit,5.807,18,0,1,Haas F1 Team,18,10,13.8,14.66666667,16,14.5,12.21818182,0.454545455,8,14
Alexander Albon,Suzuka Circuit,5.807,18,0,0,Williams,13,8.666666667,9,15.66666667,15.2,13.89473684,10.82089552,0.328358209,10,16
Lance Stroll,Suzuka Circuit,5.807,18,0,0,Aston Martin,17,15.66666667,14.2,8.666666667,8.4,12,11.93333333,0.533333333,7,18
Sergio Perez,Suzuka Circuit,5.807,18,0,0,Red Bull,5,4.666666667,4.6,2.333333333,1.8,5.8,7.67961165,0.32038835,1,19
Valtteri Bottas,Suzuka Circuit,5.807,18,0,0,Alfa Romeo,16,13.66666667,13,14.66666667,15,11.9,7.571428571,0.219047619,6,20
Max Verstappen,Circuit of the Americas,5.513,20,0,0,Red Bull,16,2.333333333,1.8,9.666666667,7.2,3.65,4.679245283,0.141509434,1,1
Lando Norris,Circuit of the Americas,5.513,20,0,0,McLaren,16,4,4.2,7.333333333,7.2,8.75,8.863636364,0.306818182,5,2
Carlos Sainz,Circuit of the Americas,5.513,20,0,0,Ferrari,16,3.333333333,4.6,4,7.6,8.4,8.320754717,0.349056604,2,3
Sergio Perez,Circuit of the Americas,5.513,20,0,0,Red Bull,16,9.666666667,7.2,2.333333333,1.8,5.8,7.644230769,0.317307692,1,4
George Russell,Circuit of the Americas,5.513,20,0,0,Mercedes,16,9.333333333,10.2,4.666666667,4.8,5.05,11.78409091,0.556818182,3,5
Pierre Gasly,Circuit of the Americas,5.513,20,0,0,AlphaTauri,16,10.33333333,10.8,15.33333333,15,12.7,11.33018868,0.490566038,9,6
Lance Stroll,Circuit of the Americas,5.513,20,0,0,Aston Martin,16,18,15,10.66666667,8.6,12,11.88679245,0.528301887,7,7
Alexander Albon,Circuit of the Americas,5.513,20,0,0,Williams,16,11.33333333,10.6,14.66666667,16.4,13.89473684,10.79411765,0.323529412,10,9
Nico Hulkenberg,Circuit of the Americas,5.513,20,0,1,Haas F1 Team,16,10,14,14.33333333,15.2,14.5,12.19642857,0.446428571,8,11
Valtteri Bottas,Circuit of the Americas,5.513,20,0,0,Alfa Romeo,16,15.66666667,14.6,13,14.6,11.9,7.613207547,0.216981132,6,12
Fernando Alonso,Circuit of the Americas,5.513,20,0,0,Aston Martin,16,10.66666667,8.6,18,15,11.35,10.375,0.5,7,16
Oscar Piastri,Circuit of the Americas,5.513,20,0,1,McLaren,16,10,7.2,4,4.2,10,11.33333333,0.133333333,5,17
Esteban Ocon,Circuit of the Americas,5.513,20,0,0,AlphaTauri,16,15.33333333,15,10,13,8.8,10.96551724,0.494252874,9,18
Lewis Hamilton,Circuit of the Americas,5.513,20,0,0,Mercedes,16,4.666666667,4.8,9.333333333,10.2,5.25,3.634615385,0.038461538,3,19
Charles Leclerc,Circuit of the Americas,5.513,20,0,0,Ferrari,16,4,7.6,3.333333333,4.6,5.55,8.632075472,0.349056604,2,20
Max Verstappen,Autodromo Hermanos Rodriguez,4.304,17,0,0,Red Bull,3,2.333333333,1.8,10.33333333,7.4,3.65,4.644859813,0.140186916,1,1
Lewis Hamilton,Autodromo Hermanos Rodriguez,4.304,17,0,0,Mercedes,6,9,7.8,9.333333333,10,5.25,3.619047619,0.038095238,3,2
Charles Leclerc,Autodromo Hermanos Rodriguez,4.304,17,0,0,Ferrari,1,9.333333333,10.2,3.333333333,3.6,5.55,8.579439252,0.345794393,2,3
Carlos Sainz,Autodromo Hermanos Rodriguez,4.304,17,0,0,Ferrari,2,3.333333333,3.6,9.333333333,10.2,8.4,8.280373832,0.345794393,2,4
Lando Norris,Autodromo Hermanos Rodriguez,4.304,17,0,0,McLaren,20,2,4.2,9,9.6,8.75,8.820224719,0.303370787,5,5
George Russell,Autodromo Hermanos Rodriguez,4.304,17,0,0,Mercedes,8,9.333333333,10,9,7.8,5.05,11.71910112,0.550561798,3,6
Oscar Piastri,Autodromo Hermanos Rodriguez,4.304,17,0,1,McLaren,7,10,9.6,2,4.2,10,11.125,0.125,5,8
Alexander Albon,Autodromo Hermanos Rodriguez,4.304,17,0,0,Williams,11,12,10.2,13.66666667,14.8,13.89473684,10.76811594,0.31884058,10,9
Esteban Ocon,Autodromo Hermanos Rodriguez,4.304,17,0,0,AlphaTauri,16,15,14.8,13,14.8,8.8,10.95454545,0.488636364,9,10
Pierre Gasly,Autodromo Hermanos Rodriguez,4.304,17,0,0,AlphaTauri,12,7.333333333,8,13,14.8,12.7,11.3271028,0.485981308,9,11
Nico Hulkenberg,Autodromo Hermanos Rodriguez,4.304,17,0,1,Haas F1 Team,13,10,13.4,13,14.6,14.5,12.21052632,0.438596491,8,13
Valtteri Bottas,Autodromo Hermanos Rodriguez,4.304,17,0,0,Alfa Romeo,9,16.33333333,14.6,12.66666667,14,11.9,7.682242991,0.214953271,6,15
Lance Stroll,Autodromo Hermanos Rodriguez,4.304,17,0,0,Aston Martin,18,15,14.4,13,10,12,11.93457944,0.53271028,7,17
Fernando Alonso,Autodromo Hermanos Rodriguez,4.304,17,0,0,Aston Martin,14,13,10,15,14.4,11.35,10.47945205,0.506849315,7,18
Sergio Perez,Autodromo Hermanos Rodriguez,4.304,17,0,0,Red Bull,5,10.33333333,7.4,2.333333333,1.8,5.8,7.761904762,0.323809524,1,20
Max Verstappen,Autodromo Jose Carlos Pace,4.309,15,0,0,Red Bull,5,1,1.8,14.33333333,10.6,3.65,4.611111111,0.138888889,1,1
Lando Norris,Autodromo Jose Carlos Pace,4.309,15,0,0,McLaren,5,3,3.8,9.333333333,9.4,8.75,8.744444444,0.3,5,2
Fernando Alonso,Autodromo Jose Carlos Pace,4.309,15,0,0,Aston Martin,5,14,13.2,14,15.6,11.35,10.37837838,0.5,7,3
Sergio Perez,Autodromo Jose Carlos Pace,4.309,15,0,0,Red Bull,5,14.33333333,10.6,1,1.8,5.8,7.726415094,0.320754717,1,4
Lance Stroll,Autodromo Jose Carlos Pace,4.309,15,0,0,Aston Martin,5,14,15.6,14,13.2,12,11.87037037,0.527777778,7,5
Carlos Sainz,Autodromo Jose Carlos Pace,4.309,15,0,0,Ferrari,5,4.333333333,3.4,9,7,8.4,8.259259259,0.342592593,2,6
Pierre Gasly,Autodromo Jose Carlos Pace,4.309,15,0,0,AlphaTauri,5,9,9.6,11,11,12.7,11.28703704,0.481481481,9,7
Lewis Hamilton,Autodromo Jose Carlos Pace,4.309,15,0,0,Mercedes,5,8.666666667,7,6,7.8,5.25,3.660377358,0.037735849,3,8
Esteban Ocon,Autodromo Jose Carlos Pace,4.309,15,0,0,AlphaTauri,5,12.33333333,14.8,11,11,8.8,10.94382022,0.483146067,9,10
Nico Hulkenberg,Autodromo Jose Carlos Pace,4.309,15,0,1,Haas F1 Team,5,10,13.6,16,15.2,14.5,12.20689655,0.431034483,8,12
Oscar Piastri,Autodromo Jose Carlos Pace,4.309,15,0,1,McLaren,5,10,9.4,3,3.8,10,11.29411765,0.117647059,5,14
George Russell,Autodromo Jose Carlos Pace,4.309,15,0,0,Mercedes,5,6,7.8,8.666666667,7,5.05,11.75555556,0.555555556,3,15
Valtteri Bottas,Autodromo Jose Carlos Pace,4.309,15,0,0,Alfa Romeo,5,15.66666667,14.8,13.33333333,13.2,11.9,7.759259259,0.222222222,6,16
Alexander Albon,Autodromo Jose Carlos Pace,4.309,15,0,0,Williams,5,11.33333333,10.4,14.33333333,14,13.89473684,10.88571429,0.328571429,10,19
Charles Leclerc,Autodromo Jose Carlos Pace,4.309,15,0,0,Ferrari,5,9,7,4.333333333,3.4,5.55,8.685185185,0.351851852,2,20
Max Verstappen,Las Vegas Strip Street Circuit,6.201,17,1,0,Red Bull,3,1,1.8,9.333333333,11,3.65,4.577981651,0.137614679,1,1
Charles Leclerc,Las Vegas Strip Street Circuit,6.201,17,1,0,Ferrari,1,14.33333333,10.2,4.333333333,4,5.55,8.623853211,0.348623853,2,2
Sergio Perez,Las Vegas Strip Street Circuit,6.201,17,1,0,Red Bull,12,9.333333333,11,1,1.8,5.8,7.682242991,0.317757009,1,3
Esteban Ocon,Las Vegas Strip Street Circuit,6.201,17,1,0,AlphaTauri,17,12.66666667,13,9.666666667,12,8.8,10.86666667,0.477777778,9,4
Lance Stroll,Las Vegas Strip Street Circuit,6.201,17,1,0,Aston Martin,14,9.666666667,13.4,12.33333333,12,12,11.80733945,0.52293578,7,5
Carlos Sainz,Las Vegas Strip Street Circuit,6.201,17,1,0,Ferrari,2,4.333333333,4,14.33333333,10.2,8.4,8.23853211,0.339449541,2,6
Lewis Hamilton,Las Vegas Strip Street Circuit,6.201,17,1,0,Mercedes,11,9.666666667,7.4,8.666666667,9.8,5.25,3.691588785,0.037383178,3,7
George Russell,Las Vegas Strip Street Circuit,6.201,17,1,0,Mercedes,4,8.666666667,9.8,9.666666667,7.4,5.05,11.71428571,0.549450549,3,8
Fernando Alonso,Las Vegas Strip Street Circuit,6.201,17,1,0,Aston Martin,10,12.33333333,12,9.666666667,13.4,11.35,10.36,0.493333333,7,9
Oscar Piastri,Las Vegas Strip Street Circuit,6.201,17,1,1,McLaren,19,10,9.8,3,2.6,10,11.22222222,0.111111111,5,10
Pierre Gasly,Las Vegas Strip Street Circuit,6.201,17,1,0,AlphaTauri,5,8,8,9.666666667,12,12.7,11.28440367,0.47706422,9,11
Alexander Albon,Las Vegas Strip Street Circuit,6.201,17,1,0,Williams,6,12.33333333,12.8,12.33333333,13.6,13.89473684,10.90140845,0.323943662,10,12
Valtteri Bottas,Las Vegas Strip Street Circuit,6.201,17,1,0,Alfa Romeo,8,14.33333333,16,14.66666667,13.8,11.9,7.844036697,0.220183486,6,17
Nico Hulkenberg,Las Vegas Strip Street Circuit,6.201,17,1,1,Haas F1 Team,13,10,12.6,17,15.2,14.5,12.3220339,0.440677966,8,19
Lando Norris,Las Vegas Strip Street Circuit,6.201,17,1,0,McLaren,16,3,2.6,13,9.8,8.75,8.868131868,0.307692308,5,20
Max Verstappen,Yas Marina Circuit,5.281,16,0,0,Red Bull,1,1,1,9,10,3.65,4.545454545,0.136363636,1,1
Charles Leclerc,Yas Marina Circuit,5.281,16,0,0,Ferrari,2,8.333333333,9.8,5.333333333,5,5.55,8.563636364,0.345454545,2,2
George Russell,Yas Marina Circuit,5.281,16,0,0,Mercedes,4,9.666666667,8.2,5.666666667,8.2,5.05,11.61956522,0.543478261,3,3
Sergio Perez,Yas Marina Circuit,5.281,16,0,0,Red Bull,6,9,10,1,1,5.8,7.648148148,0.314814815,1,4
Lando Norris,Yas Marina Circuit,5.281,16,0,0,McLaren,5,9,6.2,10.66666667,10.4,8.75,8.826086957,0.304347826,5,5
Oscar Piastri,Yas Marina Circuit,5.281,16,0,1,McLaren,3,10,10.4,9,6.2,10,10.94736842,0.105263158,5,6
Fernando Alonso,Yas Marina Circuit,5.281,16,0,0,Aston Martin,9,10,10.8,9,10.4,11.35,10.31578947,0.486842105,7,7
Lewis Hamilton,Yas Marina Circuit,5.281,16,0,0,Mercedes,12,5.666666667,8.2,9.666666667,8.2,5.25,3.740740741,0.037037037,3,9
Lance Stroll,Yas Marina Circuit,5.281,16,0,0,Aston Martin,14,9,10.4,10,10.8,12,11.79090909,0.518181818,7,10
Esteban Ocon,Yas Marina Circuit,5.281,16,0,0,AlphaTauri,13,8,10.2,9.666666667,9,8.8,10.87912088,0.472527473,9,12
Pierre Gasly,Yas Marina Circuit,5.281,16,0,0,AlphaTauri,8,9.666666667,9,8,10.2,12.7,11.3,0.472727273,9,13
Alexander Albon,Yas Marina Circuit,5.281,16,0,0,Williams,11,13.33333333,13,14.33333333,14,13.89473684,10.94444444,0.319444444,10,14
Nico Hulkenberg,Yas Marina Circuit,5.281,16,0,1,Haas F1 Team,10,10,13.8,16.66666667,15.8,14.5,12.36666667,0.433333333,8,15
Carlos Sainz,Yas Marina Circuit,5.281,16,0,0,Ferrari,17,5.333333333,5,8.333333333,9.8,8.4,8.327272727,0.345454545,2,18
Valtteri Bottas,Yas Marina Circuit,5.281,16,0,0,Alfa Romeo,19,16,16,15.33333333,14.4,11.9,7.945454545,0.218181818,6,19
Max Verstappen,Bahrain International Circuit,5.412,15,0,0,Red Bull,2,1,1,3.666666667,7,1.315789474,4.513513514,0.135135135,1,1
Sergio Perez,Bahrain International Circuit,5.412,15,0,0,Red Bull,5,3.666666667,7,1,1,5.315789474,7.596330275,0.311926606,1,2
Carlos Sainz,Bahrain International Circuit,5.412,15,0,0,Ferrari,4,10,7.4,8,9.4,6.210526316,8.279279279,0.342342342,3,3
Charles Leclerc,Bahrain International Circuit,5.412,15,0,0,Ferrari,1,8,9.4,10,7.4,8.789473684,8.522522523,0.342342342,3,4
George Russell,Bahrain International Circuit,5.412,15,0,0,Mercedes,3,8.666666667,7.4,8,9,8.578947368,11.5483871,0.537634409,2,5
Lando Norris,Bahrain International Circuit,5.412,15,0,0,McLaren,7,9,6.8,10,11,8.263157895,8.795698925,0.301075269,4,6
Lewis Hamilton,Bahrain International Circuit,5.412,15,0,0,Mercedes,9,8,9,8.666666667,7.4,5.736842105,3.770642202,0.036697248,2,7
Oscar Piastri,Bahrain International Circuit,5.412,15,0,0,McLaren,8,10,11,9,6.8,10.94736842,10.8,0.1,4,8
Fernando Alonso,Bahrain International Circuit,5.412,15,0,0,Aston Martin,6,6.333333333,10.6,6.666666667,8.8,7,10.2987013,0.480519481,5,9
Lance Stroll,Bahrain International Circuit,5.412,15,0,0,Aston Martin,11,6.666666667,8.8,6.333333333,10.6,10.84210526,11.77477477,0.513513514,5,10
Alexander Albon,Bahrain International Circuit,5.412,15,0,0,Williams,13,15,12.6,14.33333333,13.8,12.21052632,11,0.315068493,7,15
Nico Hulkenberg,Bahrain International Circuit,5.412,15,0,0,Haas F1 Team,10,15.33333333,14,17,16.8,14.15789474,12.42622951,0.426229508,10,16
Esteban Ocon,Bahrain International Circuit,5.412,15,0,0,Alpine F1 Team,19,8.666666667,10.8,10.33333333,9.6,12.78947368,10.94565217,0.467391304,6,17
Pierre Gasly,Bahrain International Circuit,5.412,15,0,0,Alpine F1 Team,20,10.33333333,9.6,8.666666667,10.8,10.78947368,11.36036036,0.468468468,6,18
Valtteri Bottas,Bahrain International Circuit,5.412,15,0,0,Alfa Romeo,16,17.33333333,15.8,16.33333333,15.2,14.52631579,8.045045045,0.216216216,9,19
Max Verstappen,Jeddah Corniche Circuit,6.174,27,1,0,Red Bull,1,1,1,3,6.6,1.315789474,4.482142857,0.133928571,1,1
Sergio Perez,Jeddah Corniche Circuit,6.174,27,1,0,Red Bull,3,3,6.6,1,1,5.315789474,7.545454545,0.309090909,1,2
Charles Leclerc,Jeddah Corniche Circuit,6.174,27,1,0,Ferrari,2,2.666666667,6.2,10,10,8.789473684,8.473214286,0.339285714,3,3
Oscar Piastri,Jeddah Corniche Circuit,6.174,27,1,0,McLaren,5,8,9.2,10.33333333,7.6,10.94736842,10.47619048,0.095238095,4,4
Fernando Alonso,Jeddah Corniche Circuit,6.174,27,1,0,Aston Martin,4,8.333333333,9.2,8.333333333,9.4,7,10.23076923,0.474358974,5,5
George Russell,Jeddah Corniche Circuit,6.174,27,1,0,Mercedes,8,5.333333333,7.4,7.666666667,6.6,8.578947368,11.4893617,0.531914894,2,6
Oliver Bearman,Jeddah Corniche Circuit,6.174,27,1,1,Ferrari,11,10,10,2.666666667,6.2,10,7,0,3,7
Lando Norris,Jeddah Corniche Circuit,6.174,27,1,0,McLaren,6,10.33333333,7.6,8,9.2,8.263157895,8.787234043,0.29787234,4,8
Lewis Hamilton,Jeddah Corniche Circuit,6.174,27,1,0,Mercedes,9,7.666666667,6.6,5.333333333,7.4,5.736842105,3.818181818,0.036363636,2,9
Nico Hulkenberg,Jeddah Corniche Circuit,6.174,27,1,0,Haas F1 Team,15,16.66666667,15,15,16.4,14.15789474,12.38709677,0.419354839,10,10
Alexander Albon,Jeddah Corniche Circuit,6.174,27,1,0,Williams,12,13.66666667,13.8,17.33333333,15.8,12.21052632,11,0.310810811,7,11
Esteban Ocon,Jeddah Corniche Circuit,6.174,27,1,0,Alpine F1 Team,17,11,10.6,14,12,12.78947368,10.96774194,0.462365591,6,13
Valtteri Bottas,Jeddah Corniche Circuit,6.174,27,1,0,Alfa Romeo,16,18.33333333,17.2,14.33333333,14.8,14.52631579,8.125,0.214285714,9,17
Lance Stroll,Jeddah Corniche Circuit,6.174,27,1,0,Aston Martin,7,8.333333333,9.4,8.333333333,9.2,10.84210526,11.83928571,0.517857143,5,19
Pierre Gasly,Jeddah Corniche Circuit,6.174,27,1,0,Alpine F1 Team,18,14,12,11,10.6,10.78947368,11.4375,0.473214286,6,20
Carlos Sainz,Albert Park Grand Prix Circuit,5.278,14,1,0,Ferrari,2,10.5,8.25,3,6.2,6.210526316,8.214285714,0.339285714,3,1
Charles Leclerc,Albert Park Grand Prix Circuit,5.278,14,1,0,Ferrari,4,3,6.2,10.5,8.25,8.789473684,8.415929204,0.336283186,3,2
Lando Norris,Albert Park Grand Prix Circuit,5.278,14,1,0,McLaren,5,6.333333333,8.2,6,8.4,8.263157895,8.726315789,0.294736842,4,3
Oscar Piastri,Albert Park Grand Prix Circuit,5.278,14,1,0,McLaren,6,6,8.4,6.333333333,8.2,10.94736842,10.18181818,0.090909091,4,4
Sergio Perez,Albert Park Grand Prix Circuit,5.278,14,1,0,Red Bull,3,2.666666667,3,1,1,5.315789474,7.522522523,0.306306306,1,5
Lance Stroll,Albert Park Grand Prix Circuit,5.278,14,1,0,Aston Martin,9,13,9.8,7,6.6,10.84210526,11.78761062,0.513274336,5,6
Fernando Alonso,Albert Park Grand Prix Circuit,5.278,14,1,0,Aston Martin,7,7,6.6,13,9.8,7,10.20253165,0.46835443,5,8
Nico Hulkenberg,Albert Park Grand Prix Circuit,5.278,14,1,0,Haas F1 Team,17,13.66666667,14.4,14.66666667,15,14.15789474,12.33333333,0.412698413,10,9
Alexander Albon,Albert Park Grand Prix Circuit,5.278,14,1,0,Williams,12,13.33333333,14.2,14.66666667,15,12.21052632,11,0.306666667,7,11
Pierre Gasly,Albert Park Grand Prix Circuit,5.278,14,1,0,Alpine F1 Team,18,17,13.8,14,11.2,10.78947368,11.45132743,0.469026549,6,13
Valtteri Bottas,Albert Park Grand Prix Circuit,5.278,14,1,0,Alfa Romeo,13,18.33333333,17.6,15.33333333,15.6,14.52631579,8.17699115,0.212389381,9,14
Esteban Ocon,Albert Park Grand Prix Circuit,5.278,14,1,0,Alpine F1 Team,16,14,11.2,17,13.8,12.78947368,11.0212766,0.457446809,6,16
George Russell,Albert Park Grand Prix Circuit,5.278,14,1,0,Mercedes,8,4.666666667,7.4,8.333333333,8,8.578947368,11.54736842,0.536842105,2,17
Lewis Hamilton,Albert Park Grand Prix Circuit,5.278,14,1,0,Mercedes,11,8.333333333,8,4.666666667,7.4,5.736842105,3.945945946,0.045045045,2,18
Max Verstappen,Albert Park Grand Prix Circuit,5.278,14,1,0,Red Bull,1,1,1,2.666666667,3,1.315789474,4.610619469,0.14159292,1,19
Max Verstappen,Suzuka Circuit,5.807,18,0,0,Red Bull,1,7,4.6,3,3.2,1.315789474,4.578947368,0.140350877,1,1
Sergio Perez,Suzuka Circuit,5.807,18,0,0,Red Bull,2,3,3.2,7,4.6,5.315789474,7.473214286,0.303571429,1,2
Carlos Sainz,Suzuka Circuit,5.807,18,0,0,Ferrari,4,2,7,3,2.6,6.210526316,8.168141593,0.336283186,3,3
Charles Leclerc,Suzuka Circuit,5.807,18,0,0,Ferrari,8,3,2.6,2,7,8.789473684,8.377192982,0.333333333,3,4
Lando Norris,Suzuka Circuit,5.807,18,0,0,McLaren,3,5.666666667,8.4,5.333333333,6.4,8.263157895,8.6875,0.291666667,4,5
Fernando Alonso,Suzuka Circuit,5.807,18,0,0,Aston Martin,5,7.333333333,7.6,11.66666667,10,7,10.15,0.4625,5,6
George Russell,Suzuka Circuit,5.807,18,0,0,Mercedes,9,9.333333333,7.8,11.33333333,10,8.578947368,11.5,0.53125,2,7
Oscar Piastri,Suzuka Circuit,5.807,18,0,0,McLaren,6,5.333333333,6.4,5.666666667,8.4,10.94736842,10.08695652,0.086956522,4,8
Lewis Hamilton,Suzuka Circuit,5.807,18,0,0,Mercedes,7,11.33333333,10,9.333333333,7.8,5.736842105,3.991071429,0.044642857,2,9
Nico Hulkenberg,Suzuka Circuit,5.807,18,0,0,Haas F1 Team,12,11.66666667,13.8,11.33333333,13.4,14.15789474,12.3125,0.40625,10,11
Lance Stroll,Suzuka Circuit,5.807,18,0,0,Aston Martin,16,11.66666667,10,7.333333333,7.6,10.84210526,11.78947368,0.50877193,5,12
Valtteri Bottas,Suzuka Circuit,5.807,18,0,0,Alfa Romeo,13,16.66666667,17.2,14.66666667,15.2,14.52631579,8.228070175,0.210526316,9,14
Esteban Ocon,Suzuka Circuit,5.807,18,0,0,Alpine F1 Team,15,15.33333333,12.4,17,15,12.78947368,11.06315789,0.452631579,6,15
Pierre Gasly,Suzuka Circuit,5.807,18,0,0,Alpine F1 Team,17,17,15,15.33333333,12.4,10.78947368,11.49122807,0.464912281,6,16
Alexander Albon,Suzuka Circuit,5.807,18,0,0,Williams,14,12.33333333,12.6,17,16.5,12.21052632,11.11842105,0.315789474,7,20
Max Verstappen,Shanghai International Circuit,5.451,16,0,0,Red Bull,1,7,4.6,3,3,1.315789474,4.547826087,0.139130435,1,1
Lando Norris,Shanghai International Circuit,5.451,16,0,0,McLaren,4,5.333333333,5.4,5.333333333,6,8.263157895,8.618556701,0.288659794,4,2
Sergio Perez,Shanghai International Circuit,5.451,16,0,0,Red Bull,2,3,3,7,4.6,5.315789474,7.433628319,0.300884956,1,3
Charles Leclerc,Shanghai International Circuit,5.451,16,0,0,Ferrari,6,3,3,2,6.25,8.789473684,8.339130435,0.330434783,3,4
Carlos Sainz,Shanghai International Circuit,5.451,16,0,0,Ferrari,7,2,6.25,3,3,6.210526316,8.140350877,0.333333333,3,5
George Russell,Shanghai International Circuit,5.451,16,0,0,Mercedes,8,10,7.6,12,10.4,8.578947368,11.44329897,0.525773196,2,6
Fernando Alonso,Shanghai International Circuit,5.451,16,0,0,Aston Martin,3,6.333333333,7,12.33333333,11.4,7,10.11111111,0.456790123,5,7
Oscar Piastri,Shanghai International Circuit,5.451,16,0,0,McLaren,5,5.333333333,6,5.333333333,5.4,10.94736842,10,0.083333333,4,8
Lewis Hamilton,Shanghai International Circuit,5.451,16,0,0,Mercedes,18,12,10.4,10,7.6,5.736842105,4.03539823,0.044247788,2,9
Nico Hulkenberg,Shanghai International Circuit,5.451,16,0,0,Haas F1 Team,9,10,12.2,11.66666667,13.4,14.15789474,12.27692308,0.4,10,10
Esteban Ocon,Shanghai International Circuit,5.451,16,0,0,Alpine F1 Team,13,14.66666667,14.6,16.33333333,16,12.78947368,11.0625,0.447916667,6,11
Alexander Albon,Shanghai International Circuit,5.451,16,0,0,Williams,14,14,14.2,15.5,16.75,12.21052632,11.12987013,0.311688312,7,12
Pierre Gasly,Shanghai International Circuit,5.451,16,0,0,Alpine F1 Team,15,16.33333333,16,14.66666667,14.6,10.78947368,11.50434783,0.460869565,6,13
Lance Stroll,Shanghai International Circuit,5.451,16,0,0,Aston Martin,11,12.33333333,11.4,6.333333333,7,10.84210526,11.8173913,0.504347826,5,15
Valtteri Bottas,Shanghai International Circuit,5.451,16,0,0,Alfa Romeo,10,15,16.6,17,15.8,14.52631579,8.330434783,0.217391304,9,20
Lando Norris,Miami International Autodrome,5.412,19,0,0,McLaren,5,3.333333333,4.8,6.666666667,6.4,8.263157895,8.540816327,0.285714286,4,1
Max Verstappen,Miami International Autodrome,5.412,19,0,0,Red Bull,1,7,4.6,3.333333333,2.8,1.315789474,4.525862069,0.137931034,1,2
Charles Leclerc,Miami International Autodrome,5.412,19,0,0,Ferrari,2,3.333333333,3.4,3,3,8.789473684,8.293103448,0.327586207,3,3
Sergio Perez,Miami International Autodrome,5.412,19,0,0,Red Bull,4,3.333333333,2.8,7,4.6,5.315789474,7.403508772,0.298245614,1,4
Carlos Sainz,Miami International Autodrome,5.412,19,0,0,Ferrari,3,3,3,3.333333333,3.4,6.210526316,8.113043478,0.330434783,3,5
Lewis Hamilton,Miami International Autodrome,5.412,19,0,0,Mercedes,7,12,10.4,10,8.2,5.736842105,4.052631579,0.043859649,2,6
George Russell,Miami International Autodrome,5.412,19,0,0,Mercedes,9,10,8.2,12,10.4,8.578947368,11.40816327,0.520408163,2,8
Fernando Alonso,Miami International Autodrome,5.412,19,0,0,Aston Martin,15,7,7,11,12.4,7,10.09756098,0.451219512,5,9
Esteban Ocon,Miami International Autodrome,5.412,19,0,0,Alpine F1 Team,13,14,14.4,14,16,12.78947368,11.05154639,0.443298969,6,10
Nico Hulkenberg,Miami International Autodrome,5.412,19,0,0,Haas F1 Team,10,10,11.2,13,12.6,14.15789474,12.25757576,0.393939394,10,11
Pierre Gasly,Miami International Autodrome,5.412,19,0,0,Alpine F1 Team,8,14,16,14,14.4,10.78947368,11.50862069,0.456896552,6,12
Oscar Piastri,Miami International Autodrome,5.412,19,0,0,McLaren,6,6.666666667,6.4,3.333333333,4.8,10.94736842,10.12,0.08,4,13
Valtteri Bottas,Miami International Autodrome,5.412,19,0,0,Alfa Romeo,16,16,16.8,15.66666667,15.2,14.52631579,8.396551724,0.215517241,9,16
Lance Stroll,Miami International Autodrome,5.412,19,0,0,Aston Martin,12,11,12.4,7,7,10.84210526,11.86206897,0.5,5,17
Alexander Albon,Miami International Autodrome,5.412,19,0,0,Williams,14,14.33333333,13.8,17,17,12.21052632,11.21794872,0.307692308,7,18
Max Verstappen,Autodromo Enzo e Dino Ferrari,4.909,19,0,0,Red Bull,1,1.333333333,4.8,3,3.2,1.315789474,4.466101695,0.13559322,1,1
Lando Norris,Autodromo Enzo e Dino Ferrari,4.909,19,0,0,McLaren,3,2.666666667,3.8,9.666666667,7.4,8.263157895,8.41,0.28,4,2
Charles Leclerc,Autodromo Enzo e Dino Ferrari,4.909,19,0,0,Ferrari,4,3.666666667,3.2,4.333333333,3.5,8.789473684,8.203389831,0.322033898,3,3
Oscar Piastri,Autodromo Enzo e Dino Ferrari,4.909,19,0,0,McLaren,2,9.666666667,7.4,2.666666667,3.8,10.94736842,9.666666667,0.074074074,4,4
Carlos Sainz,Autodromo Enzo e Dino Ferrari,4.909,19,0,0,Ferrari,5,4.333333333,3.5,3.666666667,3.2,6.210526316,8.05982906,0.324786325,3,5
Lewis Hamilton,Autodromo Enzo e Dino Ferrari,4.909,19,0,0,Mercedes,8,8,10.2,7,8.8,5.736842105,4.086206897,0.043103448,2,6
George Russell,Autodromo Enzo e Dino Ferrari,4.909,19,0,0,Mercedes,6,7,8.8,8,10.2,8.578947368,11.32,0.51,2,7
Sergio Perez,Autodromo Enzo e Dino Ferrari,4.909,19,0,0,Red Bull,11,3,3.2,1.333333333,4.8,5.315789474,7.413793103,0.293103448,1,8
Lance Stroll,Autodromo Enzo e Dino Ferrari,4.909,19,0,0,Aston Martin,13,14.66666667,13.8,7.333333333,7,10.84210526,11.81355932,0.491525424,5,9
Nico Hulkenberg,Autodromo Enzo e Dino Ferrari,4.909,19,0,0,Haas F1 Team,9,10.66666667,10.2,16,14,14.15789474,12.22058824,0.382352941,10,11
Esteban Ocon,Autodromo Enzo e Dino Ferrari,4.909,19,0,0,Alpine F1 Team,12,12,13,13.66666667,14.8,12.78947368,11.11111111,0.434343434,6,14
Pierre Gasly,Autodromo Enzo e Dino Ferrari,4.909,19,0,0,Alpine F1 Team,14,13.66666667,14.8,12,13,10.78947368,11.58474576,0.449152542,6,16
Valtteri Bottas,Autodromo Enzo e Dino Ferrari,4.909,19,0,0,Alfa Romeo,16,16.66666667,16.2,15.33333333,15.8,14.52631579,8.559322034,0.211864407,9,18
Fernando Alonso,Autodromo Enzo e Dino Ferrari,4.909,19,0,0,Aston Martin,20,7.333333333,7,14.66666667,13.8,7,10.30952381,0.44047619,5,19
Alexander Albon,Autodromo Enzo e Dino Ferrari,4.909,19,0,0,Williams,15,16.66666667,14.4,18,17,12.21052632,11.4375,0.325,7,20
Max Verstappen,Autodromo Enzo e Dino Ferrari,4.909,19,0,0,Red Bull,1,1.333333333,4.8,3,3.2,1.315789474,4.466101695,0.13559322,1,1
Lando Norris,Autodromo Enzo e Dino Ferrari,4.909,19,0,0,McLaren,3,2.666666667,3.8,9.666666667,7.4,8.263157895,8.41,0.28,4,2
Charles Leclerc,Autodromo Enzo e Dino Ferrari,4.909,19,0,0,Ferrari,4,3.666666667,3.2,4.333333333,3.5,8.789473684,8.203389831,0.322033898,3,3
Oscar Piastri,Autodromo Enzo e Dino Ferrari,4.909,19,0,0,McLaren,2,9.666666667,7.4,2.666666667,3.8,10.94736842,9.666666667,0.074074074,4,4
Carlos Sainz,Autodromo Enzo e Dino Ferrari,4.909,19,0,0,Ferrari,5,4.333333333,3.5,3.666666667,3.2,6.210526316,8.05982906,0.324786325,3,5
Lewis Hamilton,Autodromo Enzo e Dino Ferrari,4.909,19,0,0,Mercedes,8,8,10.2,7,8.8,5.736842105,4.086206897,0.043103448,2,6
George Russell,Autodromo Enzo e Dino Ferrari,4.909,19,0,0,Mercedes,6,7,8.8,8,10.2,8.578947368,11.32,0.51,2,7
Sergio Perez,Autodromo Enzo e Dino Ferrari,4.909,19,0,0,Red Bull,11,3,3.2,1.333333333,4.8,5.315789474,7.413793103,0.293103448,1,8
Lance Stroll,Autodromo Enzo e Dino Ferrari,4.909,19,0,0,Aston Martin,13,14.66666667,13.8,7.333333333,7,10.84210526,11.81355932,0.491525424,5,9
Nico Hulkenberg,Autodromo Enzo e Dino Ferrari,4.909,19,0,0,Haas F1 Team,9,10.66666667,10.2,16,14,14.15789474,12.22058824,0.382352941,10,11
Esteban Ocon,Autodromo Enzo e Dino Ferrari,4.909,19,0,0,Alpine F1 Team,12,12,13,13.66666667,14.8,12.78947368,11.11111111,0.434343434,6,14
Pierre Gasly,Autodromo Enzo e Dino Ferrari,4.909,19,0,0,Alpine F1 Team,14,13.66666667,14.8,12,13,10.78947368,11.58474576,0.449152542,6,16
Valtteri Bottas,Autodromo Enzo e Dino Ferrari,4.909,19,0,0,Alfa Romeo,16,16.66666667,16.2,15.33333333,15.8,14.52631579,8.559322034,0.211864407,9,18
Fernando Alonso,Autodromo Enzo e Dino Ferrari,4.909,19,0,0,Aston Martin,20,7.333333333,7,14.66666667,13.8,7,10.30952381,0.44047619,5,19
Alexander Albon,Autodromo Enzo e Dino Ferrari,4.909,19,0,0,Williams,15,16.66666667,14.4,18,17,12.21052632,11.4375,0.325,7,20
Max Verstappen,Circuit Gilles Villeneuve,4.361,14,1,0,Red Bull,3,1.25,4.166666667,5.75,5,1.315789474,4.43697479,0.134453782,1,1
Lando Norris,Circuit Gilles Villeneuve,4.361,14,1,0,McLaren,4,1.75,2.5,7.25,6.833333333,8.263157895,8.346534653,0.277227723,4,2
George Russell,Circuit Gilles Villeneuve,4.361,14,1,0,Mercedes,1,7,8.666666667,6.75,9,8.578947368,11.23762376,0.504950495,2,3
Lewis Hamilton,Circuit Gilles Villeneuve,4.361,14,1,0,Mercedes,2,6.75,9,7,8.666666667,5.736842105,4.085470085,0.042735043,2,4
Oscar Piastri,Circuit Gilles Villeneuve,4.361,14,1,0,McLaren,5,7.25,6.833333333,1.75,2.5,10.94736842,9.5,0.071428571,4,5
Fernando Alonso,Circuit Gilles Villeneuve,4.361,14,1,0,Aston Martin,7,13.5,11.33333333,12.5,11.33333333,7,10.25882353,0.435294118,5,6
Lance Stroll,Circuit Gilles Villeneuve,4.361,14,1,0,Aston Martin,10,12.5,11.33333333,13.5,11.33333333,10.84210526,11.77310924,0.487394958,5,7
Pierre Gasly,Circuit Gilles Villeneuve,4.361,14,1,0,Alpine F1 Team,15,14.25,14.33333333,12.25,13.33333333,10.78947368,11.56302521,0.445378151,6,9
Esteban Ocon,Circuit Gilles Villeneuve,4.361,14,1,0,Alpine F1 Team,18,12.25,13.33333333,14.25,14.33333333,12.78947368,11.1,0.43,6,10
Nico Hulkenberg,Circuit Gilles Villeneuve,4.361,14,1,0,Haas F1 Team,19,10.75,10.5,14.75,13.66666667,14.15789474,12.20289855,0.376811594,10,11
Valtteri Bottas,Circuit Gilles Villeneuve,4.361,14,1,0,Alfa Romeo,17,18,16.66666667,14.5,15.16666667,14.52631579,8.596638655,0.210084034,9,13
Carlos Sainz,Circuit Gilles Villeneuve,4.361,14,1,0,Ferrari,12,5,4,3.25,3.166666667,6.210526316,8.127118644,0.330508475,3,16
Alexander Albon,Circuit Gilles Villeneuve,4.361,14,1,0,Williams,9,17.5,16.83333333,17.75,17.6,12.21052632,11.50617284,0.333333333,7,17
Sergio Perez,Circuit Gilles Villeneuve,4.361,14,1,0,Red Bull,16,5.75,5,1.25,4.166666667,5.315789474,7.504273504,0.299145299,1,18
Charles Leclerc,Circuit Gilles Villeneuve,4.361,14,1,0,Ferrari,11,3.25,3.166666667,5,4,8.789473684,8.294117647,0.327731092,3,19
Max Verstappen,Circuit de Barcelona-Catalunya,4.657,16,0,0,Red Bull,2,1.25,1.166666667,9.5,7.166666667,1.315789474,4.408333333,0.133333333,1,1
Lando Norris,Circuit de Barcelona-Catalunya,4.657,16,0,0,McLaren,1,1.75,2.333333333,6.5,7,8.263157895,8.284313725,0.274509804,4,2
Lewis Hamilton,Circuit de Barcelona-Catalunya,4.657,16,0,0,Mercedes,3,5.5,6.666666667,6.25,6.333333333,5.736842105,4.076271186,0.042372881,2,3
George Russell,Circuit de Barcelona-Catalunya,4.657,16,0,0,Mercedes,4,6.25,6.333333333,5.5,6.666666667,8.578947368,11.16666667,0.5,2,4
Charles Leclerc,Circuit de Barcelona-Catalunya,4.657,16,0,0,Ferrari,5,7,6,7.75,6.5,8.789473684,8.266666667,0.325,3,5
Carlos Sainz,Circuit de Barcelona-Catalunya,4.657,16,0,0,Ferrari,6,7.75,6.5,7,6,6.210526316,8.109243697,0.327731092,3,6
Oscar Piastri,Circuit de Barcelona-Catalunya,4.657,16,0,0,McLaren,8,6.5,7,1.75,2.333333333,10.94736842,9.413793103,0.068965517,4,7
Sergio Perez,Circuit de Barcelona-Catalunya,4.657,16,0,0,Red Bull,9,9.5,7.166666667,1.25,1.166666667,5.315789474,7.508474576,0.296610169,1,8
Pierre Gasly,Circuit de Barcelona-Catalunya,4.657,16,0,0,Alpine F1 Team,7,13.25,13.66666667,12,12.33333333,10.78947368,11.54166667,0.441666667,6,9
Esteban Ocon,Circuit de Barcelona-Catalunya,4.657,16,0,0,Alpine F1 Team,10,12,12.33333333,13.25,13.66666667,12.78947368,11.08910891,0.425742574,6,10
Nico Hulkenberg,Circuit de Barcelona-Catalunya,4.657,16,0,0,Haas F1 Team,13,11,10.83333333,13.75,14,14.15789474,12.18571429,0.371428571,10,11
Fernando Alonso,Circuit de Barcelona-Catalunya,4.657,16,0,0,Aston Martin,11,13.25,11,10.5,11.5,7,10.27906977,0.430232558,5,12
Lance Stroll,Circuit de Barcelona-Catalunya,4.657,16,0,0,Aston Martin,14,10.5,11.5,13.25,11,10.84210526,11.79166667,0.483333333,5,14
Valtteri Bottas,Circuit de Barcelona-Catalunya,4.657,16,0,0,Alfa Romeo,12,16.25,16.5,14.75,15.16666667,14.52631579,8.658333333,0.208333333,9,16
Alexander Albon,Circuit de Barcelona-Catalunya,4.657,16,0,0,Williams,19,18.75,17.83333333,18.5,18,12.21052632,11.58536585,0.329268293,7,18
George Russell,Red Bull Ring,4.318,10,0,0,Mercedes,4,5.25,5.833333333,4.75,5.666666667,8.578947368,11.06796117,0.495145631,2,1
Oscar Piastri,Red Bull Ring,4.318,10,0,0,McLaren,3,5,6.833333333,2,1.833333333,10.94736842,9.166666667,0.066666667,4,2
Carlos Sainz,Red Bull Ring,4.318,10,0,0,Ferrari,5,8,7,7.5,6.166666667,6.210526316,8.066666667,0.325,3,3
Lewis Hamilton,Red Bull Ring,4.318,10,0,0,Mercedes,6,4.75,5.666666667,5.25,5.833333333,5.736842105,4.075630252,0.042016807,2,4
Max Verstappen,Red Bull Ring,4.318,10,0,0,Red Bull,1,1,1.166666667,10.5,8.166666667,1.315789474,4.41322314,0.132231405,1,5
Nico Hulkenberg,Red Bull Ring,4.318,10,0,0,Haas F1 Team,9,11,10.83333333,13.25,14.66666667,14.15789474,12.09859155,0.366197183,10,6
Sergio Perez,Red Bull Ring,4.318,10,0,0,Red Bull,8,10.5,8.166666667,1,1.166666667,5.315789474,7.504201681,0.294117647,1,7
Pierre Gasly,Red Bull Ring,4.318,10,0,0,Alpine F1 Team,12,12.5,12.5,12,11.5,10.78947368,11.52892562,0.438016529,6,10
Charles Leclerc,Red Bull Ring,4.318,10,0,0,Ferrari,7,7.5,6.166666667,8,7,8.789473684,8.289256198,0.32231405,3,11
Esteban Ocon,Red Bull Ring,4.318,10,0,0,Alpine F1 Team,10,12,11.5,12.5,12.5,12.78947368,11.09803922,0.421568627,6,12
Lance Stroll,Red Bull Ring,4.318,10,0,0,Aston Martin,17,9.75,11.83333333,14,12,10.84210526,11.80165289,0.479338843,5,13
Alexander Albon,Red Bull Ring,4.318,10,0,0,Williams,16,18.75,17.5,18.5,18.5,12.21052632,11.62650602,0.325301205,7,15
Valtteri Bottas,Red Bull Ring,4.318,10,0,0,Alfa Romeo,18,16.25,16.83333333,14.5,14.33333333,14.52631579,8.719008264,0.20661157,9,16
Fernando Alonso,Red Bull Ring,4.318,10,0,0,Aston Martin,15,14,12,9.75,11.83333333,7,10.36781609,0.425287356,5,18
Lando Norris,Red Bull Ring,4.318,10,0,0,McLaren,2,2,1.833333333,5,6.833333333,8.263157895,8.398058252,0.281553398,4,20
Lewis Hamilton,Silverstone Circuit,5.891,18,0,0,Mercedes,2,3.666666667,4.833333333,2.666666667,5,5.736842105,4.05,0.041666667,2,1
Max Verstappen,Silverstone Circuit,5.891,18,0,0,Red Bull,4,2.333333333,1.833333333,11,8.833333333,1.315789474,4.393442623,0.131147541,1,2
Lando Norris,Silverstone Circuit,5.891,18,0,0,McLaren,3,8,4.833333333,4.666666667,5.833333333,8.263157895,8.346153846,0.278846154,4,3
Oscar Piastri,Silverstone Circuit,5.891,18,0,0,McLaren,5,4.666666667,5.833333333,8,4.833333333,10.94736842,9,0.064516129,4,4
Carlos Sainz,Silverstone Circuit,5.891,18,0,0,Ferrari,7,8.333333333,6.666666667,11.66666667,7.333333333,6.210526316,8.041322314,0.32231405,3,5
Nico Hulkenberg,Silverstone Circuit,5.891,18,0,0,Haas F1 Team,6,9.333333333,10.16666667,12.33333333,13.33333333,14.15789474,12.01388889,0.361111111,10,6
Lance Stroll,Silverstone Circuit,5.891,18,0,0,Aston Martin,8,11.33333333,11.5,12,13.83333333,10.84210526,11.76229508,0.475409836,5,7
Fernando Alonso,Silverstone Circuit,5.891,18,0,0,Aston Martin,10,12,13.83333333,11.33333333,11.5,7,10.34090909,0.420454545,5,8
Alexander Albon,Silverstone Circuit,5.891,18,0,0,Williams,9,16.66666667,18,19.66666667,18.83333333,12.21052632,11.5952381,0.321428571,7,9
Charles Leclerc,Silverstone Circuit,5.891,18,0,0,Ferrari,11,11.66666667,7.333333333,8.333333333,6.666666667,8.789473684,8.336065574,0.319672131,3,14
Valtteri Bottas,Silverstone Circuit,5.891,18,0,0,Alfa Romeo,16,15,16.16666667,15,14.83333333,14.52631579,8.770491803,0.204918033,9,15
Esteban Ocon,Silverstone Circuit,5.891,18,0,0,Alpine F1 Team,18,10.66666667,11.66666667,9.333333333,12,12.78947368,11.14563107,0.417475728,6,16
Sergio Perez,Silverstone Circuit,5.891,18,0,0,Red Bull,19,11,8.833333333,2.333333333,1.833333333,5.315789474,7.583333333,0.291666667,1,17
George Russell,Silverstone Circuit,5.891,18,0,0,Mercedes,1,2.666666667,5,3.666666667,4.833333333,8.578947368,11.14423077,0.5,2,19
Pierre Gasly,Silverstone Circuit,5.891,18,0,0,Alpine F1 Team,20,9.333333333,12,10.66666667,11.66666667,10.78947368,11.59836066,0.442622951,6,20
Oscar Piastri,Hungaroring,4.909,14,0,0,McLaren,2,4.333333333,4.333333333,8.333333333,5.166666667,10.94736842,8.75,0.0625,4,1
Lando Norris,Hungaroring,4.909,14,0,0,McLaren,1,8.333333333,5.166666667,4.333333333,4.333333333,8.263157895,8.285714286,0.276190476,4,2
Lewis Hamilton,Hungaroring,4.909,14,0,0,Mercedes,5,2.666666667,4,8,6.833333333,5.736842105,4.041322314,0.041322314,2,3
Charles Leclerc,Hungaroring,4.909,14,0,0,Ferrari,6,10,9.166666667,4.666666667,6.666666667,8.789473684,8.300813008,0.317073171,3,4
Max Verstappen,Hungaroring,4.909,14,0,0,Red Bull,3,2.666666667,1.833333333,10.66666667,11,1.315789474,4.398373984,0.130081301,1,5
Carlos Sainz,Hungaroring,4.909,14,0,0,Ferrari,4,4.666666667,6.666666667,10,9.166666667,6.210526316,8.024590164,0.319672131,3,6
Sergio Perez,Hungaroring,4.909,14,0,0,Red Bull,16,10.66666667,11,2.666666667,1.833333333,5.315789474,7.578512397,0.289256198,1,7
George Russell,Hungaroring,4.909,14,0,0,Mercedes,17,8,6.833333333,2.666666667,4,8.578947368,11.11428571,0.495238095,2,8
Lance Stroll,Hungaroring,4.909,14,0,0,Aston Martin,8,11.33333333,9.833333333,12.66666667,13.66666667,10.84210526,11.74796748,0.471544715,5,10
Fernando Alonso,Hungaroring,4.909,14,0,0,Aston Martin,7,12.66666667,13.66666667,11.33333333,9.833333333,7,10.34831461,0.415730337,5,11
Nico Hulkenberg,Hungaroring,4.909,14,0,0,Haas F1 Team,11,7.666666667,9.333333333,12.33333333,12.16666667,14.15789474,12.02739726,0.356164384,10,13
Alexander Albon,Hungaroring,4.909,14,0,0,Williams,13,14,16.5,16.66666667,17.33333333,12.21052632,11.62352941,0.317647059,7,14
Valtteri Bottas,Hungaroring,4.909,14,0,0,Alfa Romeo,12,15.66666667,16,16,15.5,14.52631579,8.829268293,0.203252033,9,16
Esteban Ocon,Hungaroring,4.909,14,0,0,Alpine F1 Team,19,12.66666667,12.66666667,13,13.33333333,12.78947368,11.21153846,0.413461538,6,18
Pierre Gasly,Hungaroring,4.909,14,0,0,Alpine F1 Team,20,13,13.33333333,12.66666667,12.66666667,10.78947368,11.66666667,0.447154472,6,20
Lando Norris,Circuit Park Zandvoort,4.259,14,0,0,McLaren,1,8.333333333,5.8,2.333333333,3.8,8.263157895,8.216981132,0.273584906,4,1
Max Verstappen,Circuit Park Zandvoort,4.259,14,0,0,Red Bull,2,4,2.8,10.33333333,11.4,1.315789474,4.379032258,0.129032258,1,2
Charles Leclerc,Circuit Park Zandvoort,4.259,14,0,0,Ferrari,6,9.666666667,10.6,4.666666667,7.2,8.789473684,8.258064516,0.314516129,3,3
Oscar Piastri,Circuit Park Zandvoort,4.259,14,0,0,McLaren,3,2.333333333,3.8,8.333333333,5.8,10.94736842,8.606060606,0.060606061,4,4
Carlos Sainz,Circuit Park Zandvoort,4.259,14,0,0,Ferrari,11,4.666666667,7.2,9.666666667,10.6,6.210526316,8,0.317073171,3,5
Sergio Perez,Circuit Park Zandvoort,4.259,14,0,0,Red Bull,5,10.33333333,11.4,4,2.8,5.315789474,7.56557377,0.286885246,1,6
George Russell,Circuit Park Zandvoort,4.259,14,0,0,Mercedes,4,9.333333333,7,2.666666667,3,8.578947368,11.0754717,0.490566038,2,7
Lewis Hamilton,Circuit Park Zandvoort,4.259,14,0,0,Mercedes,12,2.666666667,3,9.333333333,7,5.736842105,4.073770492,0.040983607,2,8
Pierre Gasly,Circuit Park Zandvoort,4.259,14,0,0,Alpine F1 Team,10,16.66666667,13.6,15.33333333,13.2,10.78947368,11.64516129,0.443548387,6,9
Fernando Alonso,Circuit Park Zandvoort,4.259,14,0,0,Aston Martin,7,12.33333333,11,10,10.2,7,10.34444444,0.411111111,5,10
Nico Hulkenberg,Circuit Park Zandvoort,4.259,14,0,0,Haas F1 Team,14,8.333333333,9.4,11.66666667,12.8,14.15789474,12.01351351,0.351351351,10,11
Lance Stroll,Circuit Park Zandvoort,4.259,14,0,0,Aston Martin,9,10,10.2,12.33333333,11,10.84210526,11.75806452,0.467741935,5,13
Alexander Albon,Circuit Park Zandvoort,4.259,14,0,0,Williams,8,12.66666667,14.6,15.66666667,17.4,12.21052632,11.65116279,0.313953488,7,14
Esteban Ocon,Circuit Park Zandvoort,4.259,14,0,0,Alpine F1 Team,17,15.33333333,13.2,16.66666667,13.6,12.78947368,11.24761905,0.40952381,6,15
Valtteri Bottas,Circuit Park Zandvoort,4.259,14,0,0,Alfa Romeo,18,15.66666667,15.2,18,16.4,14.52631579,8.911290323,0.201612903,9,19
Charles Leclerc,Autodromo Nazionale di Monza,5.793,11,0,0,Ferrari,4,7,7.4,5.333333333,5,8.789473684,8.2,0.312,3,1
Oscar Piastri,Autodromo Nazionale di Monza,5.793,11,0,0,McLaren,2,3,3.6,2,5.6,10.94736842,8.411764706,0.058823529,4,2
Lando Norris,Autodromo Nazionale di Monza,5.793,11,0,0,McLaren,1,2,5.6,3,3.6,8.263157895,8.168224299,0.271028037,4,3
Carlos Sainz,Autodromo Nazionale di Monza,5.793,11,0,0,Ferrari,5,5.333333333,5,7,7.4,6.210526316,7.967741935,0.314516129,3,4
Lewis Hamilton,Autodromo Nazionale di Monza,5.793,11,0,0,Mercedes,6,4,3.8,11.33333333,7.8,5.736842105,4.081300813,0.040650407,2,5
Max Verstappen,Autodromo Nazionale di Monza,5.793,11,0,0,Red Bull,7,3,3,10,9,1.315789474,4.392,0.128,1,6
George Russell,Autodromo Nazionale di Monza,5.793,11,0,0,Mercedes,3,11.33333333,7.8,4,3.8,8.578947368,11.03738318,0.485981308,2,7
Sergio Perez,Autodromo Nazionale di Monza,5.793,11,0,0,Red Bull,8,10,9,3,3,5.315789474,7.569105691,0.284552846,1,8
Alexander Albon,Autodromo Nazionale di Monza,5.793,11,0,0,Williams,9,12.33333333,14,10,10,12.21052632,11.62068966,0.310344828,7,9
Fernando Alonso,Autodromo Nazionale di Monza,5.793,11,0,0,Aston Martin,11,9.666666667,11.8,10,11.4,7,10.35164835,0.406593407,5,11
Franco Colapinto,Autodromo Nazionale di Monza,5.793,11,0,1,Williams,18,10,10,12.33333333,14,10,12,0,7,12
Esteban Ocon,Autodromo Nazionale di Monza,5.793,11,0,0,Alpine F1 Team,15,16.33333333,14.2,16.33333333,13.6,12.78947368,11.27358491,0.405660377,6,14
Pierre Gasly,Autodromo Nazionale di Monza,5.793,11,0,0,Alpine F1 Team,14,16.33333333,13.6,16.33333333,14.2,10.78947368,11.672,0.44,6,15
Valtteri Bottas,Autodromo Nazionale di Monza,5.793,11,0,0,Alfa Romeo,19,16.66666667,16.4,19,17.4,14.52631579,8.968,0.2,9,16
Nico Hulkenberg,Autodromo Nazionale di Monza,5.793,11,0,0,Haas F1 Team,10,10,9.4,15,14,14.15789474,12.08,0.346666667,10,17
Lance Stroll,Autodromo Nazionale di Monza,5.793,11,0,0,Aston Martin,17,10,11.4,9.666666667,11.8,10.84210526,11.816,0.464,5,19
Oscar Piastri,Baku City Circuit,6.003,20,1,0,McLaren,2,2.333333333,2.6,2,5.8,10.94736842,8.2,0.057142857,4,1
Charles Leclerc,Baku City Circuit,6.003,20,1,0,Ferrari,1,2.666666667,6.6,5,4.6,8.789473684,8.150793651,0.30952381,3,2
George Russell,Baku City Circuit,6.003,20,1,0,Mercedes,5,7.333333333,8.4,5.333333333,4.2,8.578947368,10.96296296,0.481481481,2,3
Lando Norris,Baku City Circuit,6.003,20,1,0,McLaren,17,2,5.8,2.333333333,2.6,8.263157895,8.12962963,0.268518519,4,4
Max Verstappen,Baku City Circuit,6.003,20,1,0,Red Bull,6,4.333333333,4,7,9,1.315789474,4.396825397,0.126984127,1,5
Fernando Alonso,Baku City Circuit,6.003,20,1,0,Aston Martin,8,10.66666667,11.6,14,12.4,7,10.30434783,0.402173913,5,6
Alexander Albon,Baku City Circuit,6.003,20,1,0,Williams,10,12.33333333,12.2,12,12,12.21052632,11.56818182,0.306818182,7,7
Franco Colapinto,Baku City Circuit,6.003,20,1,1,Williams,9,10,12,12.33333333,12.2,10,10,0,7,8
Lewis Hamilton,Baku City Circuit,6.003,20,1,0,Mercedes,7,5.333333333,4.2,7.333333333,8.4,5.736842105,4.120967742,0.040322581,2,9
Oliver Bearman,Baku City Circuit,6.003,20,1,1,Ferrari,11,10,10,5,4.6,10,8.5,0,3,10
Nico Hulkenberg,Baku City Circuit,6.003,20,1,0,Haas F1 Team,14,13.66666667,10.6,5,4.6,14.15789474,12.06578947,0.342105263,10,11
Pierre Gasly,Baku City Circuit,6.003,20,1,0,Alpine F1 Team,13,14.66666667,14.8,15.66666667,15,10.78947368,11.67460317,0.436507937,6,12
Esteban Ocon,Baku City Circuit,6.003,20,1,0,Alpine F1 Team,20,15.66666667,15,14.66666667,14.8,12.78947368,11.30841121,0.401869159,6,15
Valtteri Bottas,Baku City Circuit,6.003,20,1,0,Alfa Romeo,18,17,16.4,19,18.4,14.52631579,9.023809524,0.198412698,9,16
Sergio Perez,Baku City Circuit,6.003,20,1,0,Red Bull,4,7,9,4.333333333,4,5.315789474,7.64516129,0.290322581,1,17
Carlos Sainz,Baku City Circuit,6.003,20,1,0,Ferrari,3,5,4.6,10,10,6.210526316,8.048,0.32,3,18
Lance Stroll,Baku City Circuit,6.003,20,1,0,Aston Martin,15,14,12.4,10.66666667,11.6,10.84210526,11.87301587,0.468253968,5,19
Lando Norris,Marina Bay Street Circuit,4.94,19,1,0,McLaren,1,2.666666667,2.6,2.333333333,2.4,8.263157895,8.064220183,0.266055046,4,1
Max Verstappen,Marina Bay Street Circuit,4.94,19,1,0,Red Bull,3,4.333333333,4,10.33333333,11,1.315789474,4.377952756,0.125984252,1,2
Oscar Piastri,Marina Bay Street Circuit,4.94,19,1,0,McLaren,2,2.333333333,2.4,2.666666667,2.6,10.94736842,8.055555556,0.055555556,4,3
George Russell,Marina Bay Street Circuit,4.94,19,1,0,Mercedes,6,5.666666667,8.8,7.333333333,5.2,8.578947368,10.89908257,0.47706422,2,4
Charles Leclerc,Marina Bay Street Circuit,4.94,19,1,0,Ferrari,4,2,4.8,9,7.6,8.789473684,8.125984252,0.307086614,3,5
Lewis Hamilton,Marina Bay Street Circuit,4.94,19,1,0,Mercedes,5,7.333333333,5.2,5.666666667,8.8,5.736842105,4.136,0.04,2,6
Carlos Sainz,Marina Bay Street Circuit,4.94,19,1,0,Ferrari,7,9,7.6,2,4.8,6.210526316,8.03968254,0.317460317,3,7
Fernando Alonso,Marina Bay Street Circuit,4.94,19,1,0,Aston Martin,9,9,9.2,17,13.6,7,10.27956989,0.397849462,5,8
Nico Hulkenberg,Marina Bay Street Circuit,4.94,19,1,0,Haas F1 Team,8,13,11.6,14,13.75,14.15789474,12.02597403,0.337662338,10,9
Sergio Perez,Marina Bay Street Circuit,4.94,19,1,0,Red Bull,13,10.33333333,11,4.333333333,4,5.315789474,7.664,0.288,1,10
Franco Colapinto,Marina Bay Street Circuit,4.94,19,1,1,Williams,12,10,10,10,10.6,10,10.33333333,0,7,11
Esteban Ocon,Marina Bay Street Circuit,4.94,19,1,0,Alpine F1 Team,15,14.66666667,15.6,12,15.2,12.78947368,11.32407407,0.398148148,6,13
Lance Stroll,Marina Bay Street Circuit,4.94,19,1,0,Aston Martin,17,17,13.6,9,9.2,10.84210526,11.88976378,0.464566929,5,14
Valtteri Bottas,Marina Bay Street Circuit,4.94,19,1,0,Alfa Romeo,19,17,16.4,17.33333333,17.8,14.52631579,9.078740157,0.196850394,9,16
Pierre Gasly,Marina Bay Street Circuit,4.94,19,1,0,Alpine F1 Team,18,12,15.2,14.66666667,15.6,10.78947368,11.71653543,0.433070866,6,17
Alexander Albon,Marina Bay Street Circuit,4.94,19,1,0,Williams,11,10,10.6,10,10,12.21052632,11.66292135,0.314606742,7,20
Charles Leclerc,Circuit of the Americas,5.513,20,0,0,Ferrari,4,2.666666667,3,9.666666667,8,8.789473684,8.0703125,0.3046875,3,1
Carlos Sainz,Circuit of the Americas,5.513,20,0,0,Ferrari,3,9.666666667,8,2.666666667,3,6.210526316,7.992125984,0.31496063,3,2
Max Verstappen,Circuit of the Americas,5.513,20,0,0,Red Bull,2,4.333333333,4,11.66666667,9.6,1.315789474,4.3671875,0.125,1,3
Lando Norris,Circuit of the Americas,5.513,20,0,0,McLaren,1,2.666666667,2.2,2,2.2,8.263157895,8.027272727,0.263636364,4,4
Oscar Piastri,Circuit of the Americas,5.513,20,0,0,McLaren,5,2,2.2,2.666666667,2.2,10.94736842,7.972972973,0.054054054,4,5
George Russell,Circuit of the Americas,5.513,20,0,0,Mercedes,6,4.666666667,5.8,6.666666667,6.2,8.578947368,10.85454545,0.472727273,2,6
Sergio Perez,Circuit of the Americas,5.513,20,0,0,Red Bull,8,11.66666667,9.6,4.333333333,4,5.315789474,7.658730159,0.285714286,1,7
Nico Hulkenberg,Circuit of the Americas,5.513,20,0,0,Haas F1 Team,13,12.33333333,12.2,14.5,15.5,14.15789474,11.97435897,0.333333333,10,8
Liam Lawson,Circuit of the Americas,5.513,20,0,1,AlphaTauri,10,10,10,17.33333333,15.6,11,10.6,0,8,9
Franco Colapinto,Circuit of the Americas,5.513,20,0,1,Williams,17,10,10.33333333,12,12.8,10,10.25,0,7,10
Pierre Gasly,Circuit of the Americas,5.513,20,0,0,Alpine F1 Team,7,14.66666667,14.6,14,15,10.78947368,11.71875,0.4296875,6,12
Fernando Alonso,Circuit of the Americas,5.513,20,0,0,Aston Martin,9,8.333333333,9.2,17.33333333,15,7,10.30851064,0.393617021,5,13
Lance Stroll,Circuit of the Americas,5.513,20,0,0,Aston Martin,15,17.33333333,15,8.333333333,9.2,10.84210526,11.9140625,0.4609375,5,15
Alexander Albon,Circuit of the Americas,5.513,20,0,0,Williams,16,12,12.8,10.33333333,10.33333333,12.21052632,11.71111111,0.311111111,7,16
Valtteri Bottas,Circuit of the Americas,5.513,20,0,0,Alfa Romeo,18,16,16.6,15.66666667,17.2,14.52631579,9.140625,0.1953125,9,17
Esteban Ocon,Circuit of the Americas,5.513,20,0,0,Alpine F1 Team,14,14,15,14.66666667,14.6,12.78947368,11.3853211,0.394495413,6,18
Lewis Hamilton,Circuit of the Americas,5.513,20,0,0,Mercedes,19,6.666666667,6.2,4.666666667,5.8,5.736842105,4.261904762,0.047619048,2,20
Carlos Sainz,Autodromo Hermanos Rodriguez,4.304,17,0,0,Ferrari,1,9,7.2,2.666666667,2.4,6.210526316,7.9375,0.3125,3,1
Lando Norris,Autodromo Hermanos Rodriguez,4.304,17,0,0,McLaren,3,3,2.6,3,3,8.263157895,7.972972973,0.261261261,4,2
Charles Leclerc,Autodromo Hermanos Rodriguez,4.304,17,0,0,Ferrari,4,2.666666667,2.4,9,7.2,8.789473684,8.031007752,0.302325581,3,3
Lewis Hamilton,Autodromo Hermanos Rodriguez,4.304,17,0,0,Mercedes,6,11.66666667,9.6,4.333333333,5.4,5.736842105,4.25984252,0.047244094,2,4
George Russell,Autodromo Hermanos Rodriguez,4.304,17,0,0,Mercedes,5,4.333333333,5.4,11.66666667,9.6,8.578947368,10.8018018,0.468468468,2,5
Max Verstappen,Autodromo Hermanos Rodriguez,4.304,17,0,0,Red Bull,2,3.333333333,3.6,11.33333333,9.6,1.315789474,4.379844961,0.124031008,1,6
Oscar Piastri,Autodromo Hermanos Rodriguez,4.304,17,0,0,McLaren,17,3,3,3,2.6,10.94736842,7.973684211,0.052631579,4,8
Nico Hulkenberg,Autodromo Hermanos Rodriguez,4.304,17,0,0,Haas F1 Team,10,9.333333333,11.2,15,14.5,14.15789474,11.93670886,0.329113924,10,9
Pierre Gasly,Autodromo Hermanos Rodriguez,4.304,17,0,0,Alpine F1 Team,8,13.66666667,13,15.33333333,15,10.78947368,11.70542636,0.426356589,6,10
Lance Stroll,Autodromo Hermanos Rodriguez,4.304,17,0,0,Aston Martin,14,16,16,9,9.6,10.84210526,11.90697674,0.457364341,5,11
Franco Colapinto,Autodromo Hermanos Rodriguez,4.304,17,0,1,Williams,16,10,10.25,14.33333333,13.2,10,10.6,0,7,12
Esteban Ocon,Autodromo Hermanos Rodriguez,4.304,17,0,0,Alpine F1 Team,19,15.33333333,15,13.66666667,13,12.78947368,11.4,0.390909091,6,13
Valtteri Bottas,Autodromo Hermanos Rodriguez,4.304,17,0,0,Alfa Romeo,15,16.33333333,16.8,16,17.2,14.52631579,9.178294574,0.19379845,9,14
Liam Lawson,Autodromo Hermanos Rodriguez,4.304,17,0,1,AlphaTauri,12,10,9,15.33333333,16.6,11,11.5,0,8,16
Sergio Perez,Autodromo Hermanos Rodriguez,4.304,17,0,0,Red Bull,18,11.33333333,9.6,3.333333333,3.6,5.315789474,7.732283465,0.283464567,1,17
Fernando Alonso,Autodromo Hermanos Rodriguez,4.304,17,0,0,Aston Martin,13,9,9.6,16,16,7,10.38947368,0.4,5,18
Alexander Albon,Autodromo Hermanos Rodriguez,4.304,17,0,0,Williams,9,14.33333333,13.2,9.666666667,10.25,12.21052632,11.79120879,0.318681319,7,19
Max Verstappen,Autodromo Jose Carlos Pace,4.309,15,0,0,Red Bull,12,3.666666667,4.4,11.33333333,11.8,1.315789474,4.353846154,0.123076923,1,1
Esteban Ocon,Autodromo Jose Carlos Pace,4.309,15,0,0,Alpine F1 Team,4,14.66666667,14.6,13,13.2,12.78947368,11.31531532,0.387387387,6,2
Pierre Gasly,Autodromo Jose Carlos Pace,4.309,15,0,0,Alpine F1 Team,15,13,13.2,14.66666667,14.6,10.78947368,11.63846154,0.423076923,6,3
George Russell,Autodromo Jose Carlos Pace,4.309,15,0,0,Mercedes,2,5,5,10,8.8,8.578947368,10.74107143,0.464285714,2,4
Charles Leclerc,Autodromo Jose Carlos Pace,4.309,15,0,0,Ferrari,6,3,2.4,3.333333333,6.4,8.789473684,8.007692308,0.3,3,5
Lando Norris,Autodromo Jose Carlos Pace,4.309,15,0,0,McLaren,1,2.333333333,2.8,5.333333333,3.8,8.263157895,7.955357143,0.258928571,4,6
Oscar Piastri,Autodromo Jose Carlos Pace,4.309,15,0,0,McLaren,8,5.333333333,3.8,2.333333333,2.8,10.94736842,7.974358974,0.051282051,4,8
Liam Lawson,Autodromo Jose Carlos Pace,4.309,15,0,1,AlphaTauri,5,10,12.5,15.33333333,17.2,11,11.14285714,0,8,9
Lewis Hamilton,Autodromo Jose Carlos Pace,4.309,15,0,0,Mercedes,16,10,8.8,5,5,5.736842105,4.3046875,0.046875,2,10
Sergio Perez,Autodromo Jose Carlos Pace,4.309,15,0,0,Red Bull,13,11.33333333,11.8,3.666666667,4.4,5.315789474,7.7578125,0.28125,1,11
Oliver Bearman,Autodromo Jose Carlos Pace,4.309,15,0,1,Ferrari,17,10,10,3.333333333,6.4,10,9.666666667,0,3,12
Valtteri Bottas,Autodromo Jose Carlos Pace,4.309,15,0,0,Alfa Romeo,11,15.66666667,15.8,16.33333333,16.2,14.52631579,9.207692308,0.192307692,9,13
Fernando Alonso,Autodromo Jose Carlos Pace,4.309,15,0,0,Aston Martin,9,13,11.2,13.33333333,15.6,7,10.42708333,0.395833333,5,14
Carlos Sainz,Autodromo Jose Carlos Pace,4.309,15,0,0,Ferrari,14,3.333333333,6.4,10,10,6.210526316,8,0.317829457,3,16
Franco Colapinto,Autodromo Jose Carlos Pace,4.309,15,0,1,Williams,18,10,10.6,18.33333333,14.2,10,11.66666667,0.166666667,7,17
Alexander Albon,Autodromo Jose Carlos Pace,4.309,15,0,0,Williams,7,18.33333333,14.2,11,10.6,12.21052632,11.85869565,0.326086957,7,18
Lance Stroll,Autodromo Jose Carlos Pace,4.309,15,0,0,Aston Martin,10,13.33333333,15.6,13,11.2,10.84210526,11.96153846,0.461538462,5,19
Nico Hulkenberg,Autodromo Jose Carlos Pace,4.309,15,0,0,Haas F1 Team,19,8.666666667,10.8,13,11.2,14.15789474,12.0375,0.3375,10,20
George Russell,Las Vegas Strip Street Circuit,6.201,17,1,0,Mercedes,1,5,4.4,11.33333333,9.8,8.578947368,10.65486726,0.460176991,2,1
Lewis Hamilton,Las Vegas Strip Street Circuit,6.201,17,1,0,Mercedes,3,11.33333333,9.8,5,4.4,5.736842105,4.286821705,0.046511628,2,2
Carlos Sainz,Las Vegas Strip Street Circuit,6.201,17,1,0,Ferrari,2,6.333333333,8.8,3,3.2,6.210526316,7.961538462,0.315384615,3,3
Charles Leclerc,Las Vegas Strip Street Circuit,6.201,17,1,0,Ferrari,5,3,3.2,6.333333333,8.8,8.789473684,7.977099237,0.297709924,3,4
Max Verstappen,Las Vegas Strip Street Circuit,6.201,17,1,0,Red Bull,6,3.333333333,3.4,11.66666667,12.4,1.315789474,4.358778626,0.122137405,1,5
Lando Norris,Las Vegas Strip Street Circuit,6.201,17,1,0,McLaren,7,4,3.4,7,5,8.263157895,7.938053097,0.256637168,4,6
Oscar Piastri,Las Vegas Strip Street Circuit,6.201,17,1,0,McLaren,8,7,5,4,3.4,10.94736842,7.95,0.05,4,7
Nico Hulkenberg,Las Vegas Strip Street Circuit,6.201,17,1,0,Haas F1 Team,10,12.33333333,11.4,9,12.33333333,14.15789474,11.98765432,0.333333333,10,8
Sergio Perez,Las Vegas Strip Street Circuit,6.201,17,1,0,Red Bull,16,11.66666667,12.4,3.333333333,3.4,5.315789474,7.775193798,0.279069767,1,10
Fernando Alonso,Las Vegas Strip Street Circuit,6.201,17,1,0,Aston Martin,17,15,11.8,15,15.6,7,10.43298969,0.391752577,5,11
Franco Colapinto,Las Vegas Strip Street Circuit,6.201,17,1,1,Williams,14,10,11.6,17.66666667,16,10,12,0.142857143,7,14
Lance Stroll,Las Vegas Strip Street Circuit,6.201,17,1,0,Aston Martin,20,15,15.6,15,11.8,10.84210526,11.98473282,0.458015267,5,15
Liam Lawson,Las Vegas Strip Street Circuit,6.201,17,1,1,AlphaTauri,15,10,11.33333333,13.66666667,14.6,11,11.75,0,8,16
Esteban Ocon,Las Vegas Strip Street Circuit,6.201,17,1,0,Alpine F1 Team,11,11,12.2,8.333333333,10.8,12.78947368,11.36607143,0.383928571,6,17
Valtteri Bottas,Las Vegas Strip Street Circuit,6.201,17,1,0,Alfa Romeo,19,14.66666667,15.2,16.33333333,15.6,14.52631579,9.27480916,0.190839695,9,18
Alexander Albon,Las Vegas Strip Street Circuit,6.201,17,1,0,Williams,18,17.66666667,16,13,11.6,12.21052632,11.93548387,0.333333333,7,19
Pierre Gasly,Las Vegas Strip Street Circuit,6.201,17,1,0,Alpine F1 Team,4,8.333333333,10.8,11,12.2,10.78947368,11.70229008,0.427480916,6,20
Lando Norris,Yas Marina Circuit,5.281,16,0,0,McLaren,1,4.666666667,3.8,7.666666667,6.2,8.263157895,7.877192982,0.254385965,4,1
Carlos Sainz,Yas Marina Circuit,5.281,16,0,0,Ferrari,3,6.666666667,5.8,4,3.6,6.210526316,7.916030534,0.312977099,3,2
Charles Leclerc,Yas Marina Circuit,5.281,16,0,0,Ferrari,6,4,3.6,6.666666667,5.8,8.789473684,7.939393939,0.295454545,3,3
Lewis Hamilton,Yas Marina Circuit,5.281,16,0,0,Mercedes,18,5.333333333,8.4,3.333333333,4,5.736842105,4.284615385,0.046153846,2,4
George Russell,Yas Marina Circuit,5.281,16,0,0,Mercedes,8,3.333333333,4,5.333333333,8.4,8.578947368,10.60526316,0.456140351,2,5
Max Verstappen,Yas Marina Circuit,5.281,16,0,0,Red Bull,5,4,3.4,12.66666667,11,1.315789474,4.371212121,0.121212121,1,6
Pierre Gasly,Yas Marina Circuit,5.281,16,0,0,Alpine F1 Team,7,11,12.4,10,10,10.78947368,11.66666667,0.424242424,6,7
Nico Hulkenberg,Yas Marina Circuit,5.281,16,0,0,Haas F1 Team,4,12.33333333,10.8,9.5,12.25,14.15789474,11.93902439,0.329268293,10,8
Fernando Alonso,Yas Marina Circuit,5.281,16,0,0,Aston Martin,9,14.33333333,12.8,15,14.8,7,10.41836735,0.387755102,5,9
Oscar Piastri,Yas Marina Circuit,5.281,16,0,0,McLaren,2,7.666666667,6.2,4.666666667,3.8,10.94736842,8,0.048780488,4,10
Alexander Albon,Yas Marina Circuit,5.281,16,0,0,Williams,16,18.66666667,18.4,14.33333333,12.8,12.21052632,11.92553191,0.329787234,7,11
Lance Stroll,Yas Marina Circuit,5.281,16,0,0,Aston Martin,15,15,14.8,14.33333333,12.8,10.84210526,12,0.454545455,5,14
Liam Lawson,Yas Marina Circuit,5.281,16,0,1,AlphaTauri,13,10,12.5,12,12.4,11,12.33333333,0.111111111,8,17
Valtteri Bottas,Yas Marina Circuit,5.281,16,0,0,Alfa Romeo,10,15,15.6,14.33333333,15.4,14.52631579,9.340909091,0.196969697,9,18
Franco Colapinto,Yas Marina Circuit,5.281,16,0,1,Williams,19,10,12.8,18.66666667,18.4,10,12.875,0.25,7,19
Sergio Perez,Yas Marina Circuit,5.281,16,0,0,Red Bull,11,12.66666667,11,4,3.4,5.315789474,7.869230769,0.284615385,1,20
Lando Norris,Albert Park Grand Prix Circuit,5.278,14,1,0,McLaren,1,4.333333333,3.8,8.333333333,7.6,3.909090909,7.817391304,0.252173913,1,1
Max Verstappen,Albert Park Grand Prix Circuit,5.278,14,1,0,Red Bull,3,4,4.2,14,13.4,3.5,4.353383459,0.120300752,3,2
George Russell,Albert Park Grand Prix Circuit,5.278,14,1,0,Mercedes,4,3.333333333,4.2,10,10,6.363636364,10.53913043,0.452173913,4,3
Alexander Albon,Albert Park Grand Prix Circuit,5.278,14,1,0,Williams,6,16,16.6,7,4.8,15.13636364,11.85263158,0.326315789,9,5
Lance Stroll,Albert Park Grand Prix Circuit,5.278,14,1,0,Aston Martin,14,16,14.8,11.33333333,13,13.04545455,11.95488722,0.45112782,5,6
Nico Hulkenberg,Albert Park Grand Prix Circuit,5.278,14,1,0,Sauber,17,12,10.6,10,10,10.77272727,11.87951807,0.325301205,10,7
Charles Leclerc,Albert Park Grand Prix Circuit,5.278,14,1,0,Ferrari,7,4,3.2,5.333333333,8,4.818181818,7.939849624,0.293233083,2,8
Oscar Piastri,Albert Park Grand Prix Circuit,5.278,14,1,0,McLaren,2,8.333333333,7.6,4.333333333,3.8,5.454545455,8.023809524,0.047619048,1,9
Lewis Hamilton,Albert Park Grand Prix Circuit,5.278,14,1,0,Ferrari,8,5.333333333,8,4,3.2,6.954545455,4.328244275,0.045801527,2,10
Pierre Gasly,Albert Park Grand Prix Circuit,5.278,14,1,0,Alpine F1 Team,10,10,10.4,15,15,13.5,11.66165414,0.421052632,6,11
Esteban Ocon,Albert Park Grand Prix Circuit,5.278,14,1,0,Haas F1 Team,19,9.5,12.5,12,12,13.47619048,11.38053097,0.380530973,7,13
Oliver Bearman,Albert Park Grand Prix Circuit,5.278,14,1,0,Haas F1 Team,20,12,12,9.5,12.5,9.666666667,10.75,0,7,14
Liam Lawson,Albert Park Grand Prix Circuit,5.278,14,1,0,Red Bull,18,14,13.4,4,4.2,13.4,12.6,0.2,3,15
Gabriel Bortoleto,Albert Park Grand Prix Circuit,5.278,14,1,1,Sauber,15,10,10,12,10.6,10,16,1,10,16
Fernando Alonso,Albert Park Grand Prix Circuit,5.278,14,1,0,Aston Martin,12,11.33333333,13,16,14.8,10.77272727,10.48484848,0.393939394,5,17
Carlos Sainz,Albert Park Grand Prix Circuit,5.278,14,1,0,Williams,9,7,4.8,16,16.6,5.761904762,7.992424242,0.318181818,9,18
Isack Hadjar,Albert Park Grand Prix Circuit,5.278,14,1,1,RB F1 Team,11,10,10,9.333333333,12.4,10,20,1,8,20
Oscar Piastri,Shanghai International Circuit,5.451,16,0,0,McLaren,1,8.666666667,8.4,2.666666667,3.2,5.454545455,7.860465116,0.046511628,1,1
Lando Norris,Shanghai International Circuit,5.451,16,0,0,McLaren,3,2.666666667,3.2,8.666666667,8.4,3.909090909,7.767241379,0.25,1,2
George Russell,Shanghai International Circuit,5.451,16,0,0,Mercedes,2,3,3.6,10,10,6.363636364,10.47413793,0.448275862,4,3
Max Verstappen,Shanghai International Circuit,5.451,16,0,0,Red Bull,4,4.333333333,4,16,14.6,3.5,4.350746269,0.119402985,3,4
Esteban Ocon,Shanghai International Circuit,5.451,16,0,0,Haas F1 Team,11,15,11.25,14,13,13.47619048,11.3245614,0.377192982,7,5
Kimi Antonelli,Shanghai International Circuit,5.451,16,0,1,Mercedes,11,10,10,3,3.6,10,6,0,4,6
Alexander Albon,Shanghai International Circuit,5.451,16,0,0,Williams,10,11.66666667,14.4,7.666666667,8,15.13636364,11.80208333,0.322916667,9,7
Oliver Bearman,Shanghai International Circuit,5.451,16,0,0,Haas F1 Team,17,14,13,15,11.25,9.666666667,10.2,0,7,8
Lance Stroll,Shanghai International Circuit,5.451,16,0,0,Aston Martin,15,11.66666667,13,12.33333333,13.8,13.04545455,11.93283582,0.447761194,5,9
Carlos Sainz,Shanghai International Circuit,5.451,16,0,0,Williams,12,7.666666667,8,11.66666667,14.4,5.761904762,8.007518797,0.315789474,9,10
Isack Hadjar,Shanghai International Circuit,5.451,16,0,1,RB F1 Team,7,10,20,11,12,10,15.5,0.5,8,11
Liam Lawson,Shanghai International Circuit,5.451,16,0,0,Red Bull,20,16,14.6,4.333333333,4,13.4,12.54545455,0.181818182,3,12
Gabriel Bortoleto,Shanghai International Circuit,5.451,16,0,1,Sauber,19,10,16,7.666666667,10.4,10,15,0.5,10,14
Nico Hulkenberg,Shanghai International Circuit,5.451,16,0,0,Sauber,13,7.666666667,10.4,16,16,10.77272727,11.91666667,0.321428571,10,15
Fernando Alonso,Shanghai International Circuit,5.451,16,0,0,Aston Martin,14,12.33333333,13.8,11.66666667,13,10.77272727,10.55,0.4,5,17
Charles Leclerc,Shanghai International Circuit,5.451,16,0,0,Ferrari,6,5,4.6,5.333333333,6,4.818181818,8.014925373,0.298507463,2,18
Lewis Hamilton,Shanghai International Circuit,5.451,16,0,0,Ferrari,5,5.333333333,6,5,4.6,6.954545455,4.439393939,0.053030303,2,19
Pierre Gasly,Shanghai International Circuit,5.451,16,0,0,Alpine F1 Team,16,12.66666667,10.2,17,17,13.5,11.7238806,0.425373134,6,20
Max Verstappen,Suzuka Circuit,5.807,18,0,0,Red Bull,1,4,3.6,14.66666667,13.8,3.5,4.325925926,0.118518519,3,1
Lando Norris,Suzuka Circuit,5.807,18,0,0,McLaren,2,1.333333333,3.2,6.666666667,7,3.909090909,7.717948718,0.247863248,1,2
Oscar Piastri,Suzuka Circuit,5.807,18,0,0,McLaren,3,6.666666667,7,1.333333333,3.2,5.454545455,7.75,0.045454545,1,3
Charles Leclerc,Suzuka Circuit,5.807,18,0,0,Ferrari,4,9.666666667,7.6,11,9,4.818181818,7.985185185,0.296296296,2,4
George Russell,Suzuka Circuit,5.807,18,0,0,Mercedes,5,3.666666667,3.2,6,6,6.363636364,10.42735043,0.444444444,4,5
Kimi Antonelli,Suzuka Circuit,5.807,18,0,1,Mercedes,6,10,6,3.666666667,3.2,10,6,0,4,6
Lewis Hamilton,Suzuka Circuit,5.807,18,0,0,Ferrari,8,11,9,9.666666667,7.6,6.954545455,4.458646617,0.052631579,2,7
Isack Hadjar,Suzuka Circuit,5.807,18,0,1,RB F1 Team,7,10,15.5,13.33333333,11.2,10,13,0.333333333,8,8
Alexander Albon,Suzuka Circuit,5.807,18,0,0,Williams,9,7.666666667,12,10,9.8,15.13636364,11.77319588,0.319587629,9,9
Oliver Bearman,Suzuka Circuit,5.807,18,0,0,Haas F1 Team,10,11,11.33333333,9,9.25,9.666666667,10.16666667,0,7,10
Fernando Alonso,Suzuka Circuit,5.807,18,0,0,Aston Martin,13,14.33333333,13.6,9.666666667,12.6,10.77272727,10.55445545,0.396039604,5,11
Pierre Gasly,Suzuka Circuit,5.807,18,0,0,Alpine F1 Team,11,12.66666667,12.2,15.66666667,15.66666667,13.5,11.73333333,0.422222222,6,13
Carlos Sainz,Suzuka Circuit,5.807,18,0,0,Williams,12,10,9.8,7.666666667,12,5.761904762,8.052238806,0.313432836,9,14
Nico Hulkenberg,Suzuka Circuit,5.807,18,0,0,Sauber,16,10,11.6,15,15,10.77272727,11.96470588,0.317647059,10,16
Liam Lawson,Suzuka Circuit,5.807,18,0,0,Red Bull,14,14.66666667,13.8,4,3.6,13.4,12.91666667,0.166666667,3,17
Esteban Ocon,Suzuka Circuit,5.807,18,0,0,Haas F1 Team,18,9,9.25,11,11.33333333,13.47619048,11.3826087,0.373913043,7,18
Gabriel Bortoleto,Suzuka Circuit,5.807,18,0,1,Sauber,17,10,15,10,11.6,10,16.33333333,0.333333333,10,19
Lance Stroll,Suzuka Circuit,5.807,18,0,0,Aston Martin,20,9.666666667,12.6,14.33333333,13.6,13.04545455,11.99259259,0.444444444,5,20
Oscar Piastri,Bahrain International Circuit,5.412,15,0,0,McLaren,1,4.333333333,6,1.666666667,2.4,5.454545455,7.6,0.044444444,1,1
George Russell,Bahrain International Circuit,5.412,15,0,0,Mercedes,2,3.666666667,3.4,6,6,6.363636364,10.3559322,0.440677966,4,2
Lando Norris,Bahrain International Circuit,5.412,15,0,0,McLaren,6,1.666666667,2.4,4.333333333,6,3.909090909,7.677966102,0.245762712,1,3
Charles Leclerc,Bahrain International Circuit,5.412,15,0,0,Ferrari,3,10,7.4,12,8.4,4.818181818,7.955882353,0.294117647,2,4
Lewis Hamilton,Bahrain International Circuit,5.412,15,0,0,Ferrari,9,12,8.4,10,7.4,6.954545455,4.462686567,0.052238806,2,5
Max Verstappen,Bahrain International Circuit,5.412,15,0,0,Red Bull,7,2.333333333,3.6,14.66666667,15.4,3.5,4.338235294,0.117647059,3,6
Pierre Gasly,Bahrain International Circuit,5.412,15,0,0,Alpine F1 Team,5,14.66666667,14.2,15.66666667,15.5,13.5,11.69852941,0.419117647,6,7
Esteban Ocon,Bahrain International Circuit,5.412,15,0,0,Haas F1 Team,13,12,13.25,10.66666667,10.66666667,13.47619048,11.35344828,0.370689655,7,8
Oliver Bearman,Bahrain International Circuit,5.412,15,0,0,Haas F1 Team,20,10.66666667,10.66666667,12,13.25,9.666666667,10.14285714,0,7,10
Kimi Antonelli,Bahrain International Circuit,5.412,15,0,1,Mercedes,4,10,6,3.666666667,3.4,10,7.666666667,0,4,11
Alexander Albon,Bahrain International Circuit,5.412,15,0,0,Williams,16,7,10.2,14,9.4,15.13636364,11.7755102,0.316326531,9,12
Isack Hadjar,Bahrain International Circuit,5.412,15,0,1,RB F1 Team,12,10,13,13.33333333,12.2,10,13,0.25,8,13
Fernando Alonso,Bahrain International Circuit,5.412,15,0,0,Aston Martin,14,15,13,11.66666667,12.8,10.77272727,10.59803922,0.392156863,5,15
Liam Lawson,Bahrain International Circuit,5.412,15,0,0,Red Bull,17,14.66666667,15.4,2.333333333,3.6,13.4,13.15384615,0.153846154,3,16
Lance Stroll,Bahrain International Circuit,5.412,15,0,0,Aston Martin,19,11.66666667,12.8,15,13,13.04545455,12.02941176,0.441176471,5,17
Gabriel Bortoleto,Bahrain International Circuit,5.412,15,0,1,Sauber,18,10,16.33333333,12.66666667,10.8,10,16.75,0.25,10,18
Carlos Sainz,Bahrain International Circuit,5.412,15,0,0,Williams,8,14,9.4,7,10.2,5.761904762,8.133333333,0.318518519,9,19
Nico Hulkenberg,Bahrain International Circuit,5.412,15,0,0,Sauber,15,12.66666667,10.8,16.33333333,16.33333333,10.77272727,12.05813953,0.325581395,10,20
Oscar Piastri,Jeddah Corniche Circuit,6.174,27,1,0,McLaren,2,1.666666667,4.8,2.333333333,1.8,5.454545455,7.456521739,0.043478261,1,1
Max Verstappen,Jeddah Corniche Circuit,6.174,27,1,0,Red Bull,1,3.666666667,3.8,15,15.4,3.5,4.321167883,0.116788321,3,2
Charles Leclerc,Jeddah Corniche Circuit,6.174,27,1,0,Ferrari,5,8.666666667,7.4,10.33333333,9,4.818181818,7.919708029,0.291970803,2,3
Lando Norris,Jeddah Corniche Circuit,6.174,27,1,0,McLaren,4,2.333333333,1.8,1.666666667,4.8,3.909090909,7.647058824,0.243697479,1,4
George Russell,Jeddah Corniche Circuit,6.174,27,1,0,Mercedes,3,3.333333333,3.6,7.666666667,7.666666667,6.363636364,10.31092437,0.43697479,4,5
Kimi Antonelli,Jeddah Corniche Circuit,6.174,27,1,1,Mercedes,6,10,7.666666667,3.333333333,3.6,10,7.25,0,4,6
Lewis Hamilton,Jeddah Corniche Circuit,6.174,27,1,0,Ferrari,10,10.33333333,9,8.666666667,7.4,6.954545455,4.481481481,0.051851852,2,7
Carlos Sainz,Jeddah Corniche Circuit,6.174,27,1,0,Williams,8,14.33333333,12.6,9.333333333,8.8,5.761904762,8.132352941,0.316176471,9,8
Alexander Albon,Jeddah Corniche Circuit,6.174,27,1,0,Williams,11,9.333333333,8.8,14.33333333,12.6,15.13636364,11.74747475,0.313131313,9,9
Isack Hadjar,Jeddah Corniche Circuit,6.174,27,1,1,RB F1 Team,14,10,13,12.33333333,12.2,10,12.4,0.2,8,10
Fernando Alonso,Jeddah Corniche Circuit,6.174,27,1,0,Aston Martin,13,14.33333333,13.8,15.33333333,13.2,10.77272727,10.60194175,0.388349515,5,11
Liam Lawson,Jeddah Corniche Circuit,6.174,27,1,0,Red Bull,12,15,15.4,3.666666667,3.8,13.4,13.07142857,0.142857143,3,12
Oliver Bearman,Jeddah Corniche Circuit,6.174,27,1,0,Haas F1 Team,15,9.333333333,10.5,10.33333333,11,9.666666667,10.5,0,7,13
Esteban Ocon,Jeddah Corniche Circuit,6.174,27,1,0,Haas F1 Team,19,10.33333333,11,9.333333333,10.5,13.47619048,11.37606838,0.367521368,7,14
Nico Hulkenberg,Jeddah Corniche Circuit,6.174,27,1,0,Sauber,18,17,13.2,17,16.75,10.77272727,12.09195402,0.32183908,10,15
Lance Stroll,Jeddah Corniche Circuit,6.174,27,1,0,Aston Martin,16,15.33333333,13.2,14.33333333,13.8,13.04545455,12.05839416,0.437956204,5,16
Gabriel Bortoleto,Jeddah Corniche Circuit,6.174,27,1,1,Sauber,20,10,16.75,17,13.2,10,17,0.2,10,18
Pierre Gasly,Jeddah Corniche Circuit,6.174,27,1,0,Alpine F1 Team,9,13.33333333,11.6,14,15.2,13.5,11.75912409,0.423357664,6,20
Max Verstappen,Autodromo Enzo e Dino Ferrari,4.909,19,0,0,Red Bull,2,3,3,15,14.4,3.5,4.297101449,0.115942029,3,1
Lando Norris,Autodromo Enzo e Dino Ferrari,4.909,19,0,0,McLaren,4,3,2.4,1.666666667,3,3.909090909,7.6,0.241666667,1,2
Oscar Piastri,Autodromo Enzo e Dino Ferrari,4.909,19,0,0,McLaren,1,1.666666667,3,3,2.4,5.454545455,7.361702128,0.042553191,1,3
Lewis Hamilton,Autodromo Enzo e Dino Ferrari,4.909,19,0,0,Ferrari,12,6.333333333,9.6,3.666666667,7.4,6.954545455,4.477941176,0.051470588,2,4
Alexander Albon,Autodromo Enzo e Dino Ferrari,4.909,19,0,0,Williams,7,10,8.4,13.66666667,13.8,15.13636364,11.68,0.31,9,5
Charles Leclerc,Autodromo Enzo e Dino Ferrari,4.909,19,0,0,Ferrari,11,3.666666667,7.4,6.333333333,9.6,4.818181818,7.905797101,0.289855072,2,6
George Russell,Autodromo Enzo e Dino Ferrari,4.909,19,0,0,Mercedes,3,4,3.6,7.666666667,7.25,6.363636364,10.28333333,0.433333333,4,7
Carlos Sainz,Autodromo Enzo e Dino Ferrari,4.909,19,0,0,Williams,5,13.66666667,13.8,10,8.4,5.761904762,8.131386861,0.313868613,9,8
Isack Hadjar,Autodromo Enzo e Dino Ferrari,4.909,19,0,1,RB F1 Team,10,10,12.4,13.33333333,13.6,10,11.83333333,0.166666667,8,9
Fernando Alonso,Autodromo Enzo e Dino Ferrari,4.909,19,0,0,Aston Martin,6,12.33333333,14.2,17.66666667,13.6,10.77272727,10.60576923,0.384615385,5,11
Nico Hulkenberg,Autodromo Enzo e Dino Ferrari,4.909,19,0,0,Sauber,18,17,14.6,18.33333333,17,10.77272727,12.09090909,0.318181818,10,12
Pierre Gasly,Autodromo Enzo e Dino Ferrari,4.909,19,0,0,Alpine F1 Team,9,13.33333333,14.2,10,10,13.5,11.76811594,0.420289855,6,13
Liam Lawson,Autodromo Enzo e Dino Ferrari,4.909,19,0,0,Red Bull,17,15,14.4,3,3,13.4,13.13333333,0.133333333,3,14
Lance Stroll,Autodromo Enzo e Dino Ferrari,4.909,19,0,0,Aston Martin,8,17.66666667,13.6,12.33333333,14.2,13.04545455,12.07971014,0.434782609,5,15
Franco Colapinto,Autodromo Enzo e Dino Ferrari,4.909,19,0,0,Alpine F1 Team,15,10,10,13.33333333,14.2,12.875,13.22222222,0.222222222,6,16
Oliver Bearman,Autodromo Enzo e Dino Ferrari,4.909,19,0,0,Haas F1 Team,14,11,11,13.33333333,11.6,9.666666667,11.22222222,0,7,17
Gabriel Bortoleto,Autodromo Enzo e Dino Ferrari,4.909,19,0,1,Sauber,16,10,17,17,14.6,10,17.16666667,0.166666667,10,18
Kimi Antonelli,Autodromo Enzo e Dino Ferrari,4.909,19,0,1,Mercedes,13,10,7.25,4,3.6,10,9.6,0.2,4,19
Esteban Ocon,Autodromo Enzo e Dino Ferrari,4.909,19,0,0,Haas F1 Team,19,13.33333333,11.6,11,11,13.47619048,11.44915254,0.372881356,7,20
Oscar Piastri,Circuit de Barcelona-Catalunya,4.657,16,0,0,McLaren,1,1.666666667,1.8,3,2.6,5.454545455,7.229166667,0.041666667,1,1
Lando Norris,Circuit de Barcelona-Catalunya,4.657,16,0,0,McLaren,2,3,2.6,1.666666667,1.8,3.909090909,7.553719008,0.239669421,1,2
Charles Leclerc,Circuit de Barcelona-Catalunya,4.657,16,0,0,Ferrari,7,4.333333333,7,5.333333333,8.4,4.818181818,7.870503597,0.287769784,2,3
George Russell,Circuit de Barcelona-Catalunya,4.657,16,0,0,Mercedes,4,4.666666667,4.4,12,9.6,6.363636364,10.23140496,0.429752066,4,4
Nico Hulkenberg,Circuit de Barcelona-Catalunya,4.657,16,0,0,Sauber,16,15.66666667,15.6,18,17.4,10.77272727,12.01123596,0.314606742,10,5
Lewis Hamilton,Circuit de Barcelona-Catalunya,4.657,16,0,0,Ferrari,5,5.333333333,8.4,4.333333333,7,6.954545455,4.489051095,0.051094891,2,6
Isack Hadjar,Circuit de Barcelona-Catalunya,4.657,16,0,1,RB F1 Team,9,10,10.2,12.66666667,13.2,10,11.14285714,0.142857143,8,7
Pierre Gasly,Circuit de Barcelona-Catalunya,4.657,16,0,0,Alpine F1 Team,8,13.33333333,14.6,16,16,13.5,11.74100719,0.417266187,6,8
Fernando Alonso,Circuit de Barcelona-Catalunya,4.657,16,0,0,Aston Martin,10,12.33333333,13,16,16,10.77272727,10.59047619,0.380952381,5,9
Max Verstappen,Circuit de Barcelona-Catalunya,4.657,16,0,0,Red Bull,3,3,2.8,14,14.2,3.5,4.338129496,0.115107914,3,10
Liam Lawson,Circuit de Barcelona-Catalunya,4.657,16,0,0,Red Bull,13,14,14.2,3,2.8,13.4,13,0.125,3,11
Gabriel Bortoleto,Circuit de Barcelona-Catalunya,4.657,16,0,1,Sauber,12,10,17.4,15.66666667,15.6,10,16.42857143,0.142857143,10,12
Carlos Sainz,Circuit de Barcelona-Catalunya,4.657,16,0,0,Williams,18,11.66666667,11.8,8.666666667,8.4,5.761904762,8.173913043,0.311594203,9,14
Franco Colapinto,Circuit de Barcelona-Catalunya,4.657,16,0,0,Alpine F1 Team,19,16,16,13.33333333,14.6,12.875,13.4,0.2,6,15
Esteban Ocon,Circuit de Barcelona-Catalunya,4.657,16,0,0,Haas F1 Team,17,14,13,13.33333333,11.6,13.47619048,11.48739496,0.369747899,7,16
Oliver Bearman,Circuit de Barcelona-Catalunya,4.657,16,0,0,Haas F1 Team,15,13.33333333,11.6,14,13,9.666666667,11.8,0,7,17
Kimi Antonelli,Circuit de Barcelona-Catalunya,4.657,16,0,1,Mercedes,6,10,9.6,4.666666667,4.4,10,11,0.333333333,4,18
Alexander Albon,Circuit de Barcelona-Catalunya,4.657,16,0,0,Williams,11,8.666666667,8.4,11.66666667,11.8,15.13636364,11.75247525,0.316831683,9,19
George Russell,Circuit Gilles Villeneuve,4.361,14,1,0,Mercedes,1,5.333333333,4.6,14.33333333,12,6.363636364,10.1557377,0.426229508,4,1
Max Verstappen,Circuit Gilles Villeneuve,4.361,14,1,0,Red Bull,2,4.333333333,4,12.33333333,14,3.5,4.321428571,0.114285714,3,2
Kimi Antonelli,Circuit Gilles Villeneuve,4.361,14,1,1,Mercedes,4,10,12,5.333333333,4.6,10,9.857142857,0.285714286,4,3
Oscar Piastri,Circuit Gilles Villeneuve,4.361,14,1,0,McLaren,3,1.666666667,1.8,2.666666667,2.6,5.454545455,7.163265306,0.040816327,1,4
Charles Leclerc,Circuit Gilles Villeneuve,4.361,14,1,0,Ferrari,8,4,4,5.666666667,5.8,4.818181818,7.85,0.285714286,2,5
Lewis Hamilton,Circuit Gilles Villeneuve,4.361,14,1,0,Ferrari,5,5.666666667,5.8,4,4,6.954545455,4.5,0.050724638,2,6
Fernando Alonso,Circuit Gilles Villeneuve,4.361,14,1,0,Aston Martin,6,10.33333333,11.4,15.5,17,10.77272727,10.55660377,0.377358491,5,7
Nico Hulkenberg,Circuit Gilles Villeneuve,4.361,14,1,0,Sauber,13,10.66666667,13.6,16,17,10.77272727,11.96666667,0.311111111,10,8
Esteban Ocon,Circuit Gilles Villeneuve,4.361,14,1,0,Haas F1 Team,15,16.66666667,15.2,15.66666667,13.4,13.47619048,11.46666667,0.366666667,7,9
Carlos Sainz,Circuit Gilles Villeneuve,4.361,14,1,0,Williams,17,10,12.6,11,10.8,5.761904762,8.18705036,0.309352518,9,10
Oliver Bearman,Circuit Gilles Villeneuve,4.361,14,1,0,Haas F1 Team,14,15.66666667,13.4,16.66666667,15.2,9.666666667,11.72727273,0,7,11
Franco Colapinto,Circuit Gilles Villeneuve,4.361,14,1,0,Alpine F1 Team,12,15.5,15.5,13.66666667,12.2,12.875,13.36363636,0.181818182,6,13
Gabriel Bortoleto,Circuit Gilles Villeneuve,4.361,14,1,1,Sauber,16,10,17,10.66666667,13.6,10,16.125,0.125,10,14
Pierre Gasly,Circuit Gilles Villeneuve,4.361,14,1,0,Alpine F1 Team,20,13.66666667,12.2,15.5,15.5,13.5,11.76428571,0.414285714,6,15
Isack Hadjar,Circuit Gilles Villeneuve,4.361,14,1,1,RB F1 Team,9,10,9.4,14,12.6,10,11.75,0.125,8,16
Lance Stroll,Circuit Gilles Villeneuve,4.361,14,1,0,Aston Martin,18,15.5,17,10.33333333,11.4,13.04545455,12.11510791,0.431654676,5,17
Lando Norris,Circuit Gilles Villeneuve,4.361,14,1,0,McLaren,7,2.666666667,2.6,1.666666667,1.8,3.909090909,7.639344262,0.245901639,1,18
Liam Lawson,Circuit Gilles Villeneuve,4.361,14,1,0,Red Bull,19,12.33333333,14,4.333333333,4,13.4,13.35294118,0.176470588,3,19
Alexander Albon,Circuit Gilles Villeneuve,4.361,14,1,0,Williams,10,11,10.8,10,12.6,15.13636364,11.83333333,0.323529412,9,20
Lando Norris,Red Bull Ring,4.318,10,0,0,McLaren,1,7.333333333,5.8,2.666666667,2,3.909090909,7.585365854,0.243902439,1,1
Oscar Piastri,Red Bull Ring,4.318,10,0,0,McLaren,3,2.666666667,2,7.333333333,5.8,5.454545455,7.06,0.04,1,2
Charles Leclerc,Red Bull Ring,4.318,10,0,0,Ferrari,2,4.666666667,4.2,5.333333333,5.6,4.818181818,7.815602837,0.283687943,2,3
Lewis Hamilton,Red Bull Ring,4.318,10,0,0,Ferrari,4,5.333333333,5.6,4.666666667,4.2,6.954545455,4.496402878,0.050359712,2,4
George Russell,Red Bull Ring,4.318,10,0,0,Mercedes,5,4,3.8,13.33333333,11.4,6.363636364,10.11382114,0.422764228,4,5
Liam Lawson,Red Bull Ring,4.318,10,0,0,Red Bull,9,14.66666667,14.4,4.333333333,4.2,13.4,12.94444444,0.166666667,3,6
Fernando Alonso,Red Bull Ring,4.318,10,0,0,Aston Martin,12,9,10.6,16,16.25,10.77272727,10.52336449,0.373831776,5,7
Gabriel Bortoleto,Red Bull Ring,4.318,10,0,1,Sauber,7,10,16,8.333333333,12,10,15.22222222,0.111111111,10,8
Nico Hulkenberg,Red Bull Ring,4.318,10,0,0,Sauber,20,8.333333333,12,14.66666667,16,10.77272727,11.93406593,0.307692308,10,9
Esteban Ocon,Red Bull Ring,4.318,10,0,0,Haas F1 Team,17,15,13.4,15,13.6,13.47619048,11.45454545,0.363636364,7,10
Oliver Bearman,Red Bull Ring,4.318,10,0,0,Haas F1 Team,14,15,13.6,15,13.4,9.666666667,11.66666667,0,7,11
Isack Hadjar,Red Bull Ring,4.318,10,0,1,RB F1 Team,11,10,11,11.66666667,12.6,10,11.77777778,0.111111111,8,12
Pierre Gasly,Red Bull Ring,4.318,10,0,0,Alpine F1 Team,8,12,12.6,14.66666667,14.66666667,13.5,11.77304965,0.411347518,6,13
Lance Stroll,Red Bull Ring,4.318,10,0,0,Aston Martin,16,16,16.25,9,10.6,13.04545455,12.12857143,0.428571429,5,14
Franco Colapinto,Red Bull Ring,4.318,10,0,0,Alpine F1 Team,15,14.66666667,14.66666667,12,12.6,12.875,13.5,0.166666667,6,15
Alexander Albon,Red Bull Ring,4.318,10,0,0,Williams,13,14.66666667,13,10.66666667,11.8,15.13636364,11.88349515,0.330097087,9,17
Max Verstappen,Red Bull Ring,4.318,10,0,0,Red Bull,6,4.333333333,4.2,14.66666667,14.4,3.5,4.418439716,0.120567376,3,18
Kimi Antonelli,Red Bull Ring,4.318,10,0,1,Mercedes,10,10,11.4,4,3.8,10,11,0.375,4,19
Carlos Sainz,Red Bull Ring,4.318,10,0,0,Williams,19,10.66666667,11.8,14.66666667,13,5.761904762,8.271428571,0.314285714,9,20
Lando Norris,Silverstone Circuit,5.891,18,0,0,McLaren,3,7,5.4,2.333333333,2.2,3.909090909,7.532258065,0.241935484,1,1
Oscar Piastri,Silverstone Circuit,5.891,18,0,0,McLaren,2,2.333333333,2.2,7,5.4,5.454545455,6.960784314,0.039215686,1,2
Nico Hulkenberg,Silverstone Circuit,5.891,18,0,0,Sauber,19,7.333333333,9.8,11.33333333,14,10.77272727,11.83695652,0.304347826,10,3
Lewis Hamilton,Silverstone Circuit,5.891,18,0,0,Ferrari,5,5.333333333,5.4,3.666666667,4,6.954545455,4.492857143,0.05,2,4
Max Verstappen,Silverstone Circuit,5.891,18,0,0,Red Bull,1,10,6.6,12,12.4,3.5,4.422535211,0.11971831,3,5
Pierre Gasly,Silverstone Circuit,5.891,18,0,0,Alpine F1 Team,10,12,13.8,14.33333333,14.75,13.5,11.73239437,0.408450704,6,6
Lance Stroll,Silverstone Circuit,5.891,18,0,0,Aston Martin,18,15.5,15.5,7.666666667,9,13.04545455,12.09219858,0.425531915,5,7
Alexander Albon,Silverstone Circuit,5.891,18,0,0,Williams,14,18.66666667,14,14.66666667,12,15.13636364,11.84615385,0.326923077,9,8
Fernando Alonso,Silverstone Circuit,5.891,18,0,0,Aston Martin,9,7.666666667,9,15.5,15.5,10.77272727,10.50925926,0.37037037,5,9
George Russell,Silverstone Circuit,5.891,18,0,0,Mercedes,4,3.333333333,4.4,13.33333333,13,6.363636364,10.11290323,0.419354839,4,10
Oliver Bearman,Silverstone Circuit,5.891,18,0,0,Haas F1 Team,8,13,13.8,11.66666667,13.8,9.666666667,11.61538462,0,7,11
Carlos Sainz,Silverstone Circuit,5.891,18,0,0,Williams,11,14.66666667,12,18.66666667,14,5.761904762,8.29787234,0.312056738,9,12
Esteban Ocon,Silverstone Circuit,5.891,18,0,0,Haas F1 Team,15,11.66666667,13.8,13,13.8,13.47619048,11.46721311,0.360655738,7,13
Charles Leclerc,Silverstone Circuit,5.891,18,0,0,Ferrari,6,3.666666667,4,5.333333333,5.4,4.818181818,7.85915493,0.281690141,2,14
Kimi Antonelli,Silverstone Circuit,5.891,18,0,1,Mercedes,7,10,13,3.333333333,4.4,10,11.55555556,0.444444444,4,16
Isack Hadjar,Silverstone Circuit,5.891,18,0,1,RB F1 Team,13,10,10.8,13.66666667,14,10,12.3,0.2,8,17
Gabriel Bortoleto,Silverstone Circuit,5.891,18,0,1,Sauber,17,10,14,7.333333333,9.8,10,15.5,0.2,10,18
Liam Lawson,Silverstone Circuit,5.891,18,0,0,Red Bull,16,12,12.4,10,6.6,13.4,13.26315789,0.210526316,3,19
Franco Colapinto,Silverstone Circuit,5.891,18,0,0,Alpine F1 Team,20,14.33333333,14.75,12,13.8,12.875,14,0.230769231,6,20
Lando Norris,Hungaroring,4.909,14,0,0,McLaren,1,6.666666667,4.8,2.666666667,2.4,3.909090909,7.48,0.24,1,1
Oscar Piastri,Hungaroring,4.909,14,0,0,McLaren,2,2.666666667,2.4,6.666666667,4.8,5.454545455,6.865384615,0.038461538,1,2
George Russell,Hungaroring,4.909,14,0,0,Mercedes,4,5.333333333,5.4,12.66666667,15,6.363636364,10.056,0.416,4,3
Charles Leclerc,Hungaroring,4.909,14,0,0,Ferrari,6,7.333333333,6.2,4.666666667,4.8,4.818181818,7.832167832,0.27972028,2,4
Fernando Alonso,Hungaroring,4.909,14,0,0,Aston Martin,5,7.666666667,8.6,12.66666667,13.25,10.77272727,10.4587156,0.366972477,5,5
Gabriel Bortoleto,Hungaroring,4.909,14,0,1,Sauber,9,10,14,6.666666667,7.4,10,14.63636364,0.181818182,10,6
Lance Stroll,Hungaroring,4.909,14,0,0,Aston Martin,3,12.66666667,13.25,7.666666667,8.6,13.04545455,12.05633803,0.422535211,5,7
Liam Lawson,Hungaroring,4.909,14,0,0,Red Bull,10,14.66666667,13.8,8.333333333,7.2,13.4,13,0.2,3,8
Max Verstappen,Hungaroring,4.909,14,0,0,Red Bull,8,8.333333333,7.2,14.66666667,13.8,3.5,4.454545455,0.118881119,3,9
Kimi Antonelli,Hungaroring,4.909,14,0,1,Mercedes,12,10,15,5.333333333,5.4,10,11.4,0.4,4,10
Isack Hadjar,Hungaroring,4.909,14,0,1,RB F1 Team,7,10,12.2,14.33333333,13.2,10,12.18181818,0.181818182,8,11
Lewis Hamilton,Hungaroring,4.909,14,0,0,Ferrari,14,4.666666667,4.8,7.333333333,6.2,6.954545455,4.546099291,0.04964539,2,12
Nico Hulkenberg,Hungaroring,4.909,14,0,0,Sauber,19,6.666666667,7.4,13.33333333,14,10.77272727,11.84946237,0.301075269,10,13
Carlos Sainz,Hungaroring,4.909,14,0,0,Williams,11,14,12.8,15,13.8,5.761904762,8.338028169,0.309859155,9,14
Alexander Albon,Hungaroring,4.909,14,0,0,Williams,20,15,13.8,14,12.8,15.13636364,11.87619048,0.323809524,9,15
Esteban Ocon,Hungaroring,4.909,14,0,0,Haas F1 Team,18,10.66666667,13.6,11,13.4,13.47619048,11.50406504,0.357723577,7,16
Franco Colapinto,Hungaroring,4.909,14,0,0,Alpine F1 Team,15,16,15.8,11.33333333,11,12.875,14.28571429,0.214285714,6,18
Pierre Gasly,Hungaroring,4.909,14,0,0,Alpine F1 Team,17,11.33333333,11,16,15.8,13.5,11.78321678,0.405594406,6,19
Oliver Bearman,Hungaroring,4.909,14,0,0,Haas F1 Team,13,11,13.4,10.66666667,13.6,9.666666667,12.21428571,0.071428571,7,20
Oscar Piastri,Circuit Park Zandvoort,4.259,14,0,0,McLaren,1,2,2.2,1,4.6,5.454545455,6.754716981,0.037735849,1,1
Max Verstappen,Circuit Park Zandvoort,4.259,14,0,0,Red Bull,3,10.66666667,8.8,11,12.6,3.5,4.4375,0.118055556,3,2
Isack Hadjar,Circuit Park Zandvoort,4.259,14,0,1,RB F1 Team,4,10,12.6,16,14.6,10,11.41666667,0.166666667,8,3
George Russell,Circuit Park Zandvoort,4.259,14,0,0,Mercedes,5,6,4.6,15,13.2,6.363636364,10.00793651,0.412698413,4,4
Alexander Albon,Circuit Park Zandvoort,4.259,14,0,0,Williams,15,13.33333333,15.8,15.33333333,14,15.13636364,11.81132075,0.320754717,9,5
Oliver Bearman,Circuit Park Zandvoort,4.259,14,0,0,Haas F1 Team,19,14,14,13,12.8,9.666666667,11.8,0.066666667,7,6
Lance Stroll,Circuit Park Zandvoort,4.259,14,0,0,Aston Martin,20,9.333333333,11.25,7,7.4,13.04545455,12.02097902,0.41958042,5,7
Fernando Alonso,Circuit Park Zandvoort,4.259,14,0,0,Aston Martin,8,7,7.4,9.333333333,11.25,10.77272727,10.43636364,0.363636364,5,8
Esteban Ocon,Circuit Park Zandvoort,4.259,14,0,0,Haas F1 Team,18,13,12.8,14,14,13.47619048,11.49193548,0.35483871,7,10
Franco Colapinto,Circuit Park Zandvoort,4.259,14,0,0,Alpine F1 Team,16,17.66666667,16.2,12.66666667,12.2,12.875,14.06666667,0.2,6,11
Liam Lawson,Circuit Park Zandvoort,4.259,14,0,0,Red Bull,9,11,12.6,10.66666667,8.8,13.4,12.95238095,0.19047619,3,12
Carlos Sainz,Circuit Park Zandvoort,4.259,14,0,0,Williams,10,15.33333333,14,13.33333333,15.8,5.761904762,8.370629371,0.307692308,9,13
Nico Hulkenberg,Circuit Park Zandvoort,4.259,14,0,0,Sauber,17,8.333333333,7.6,10.66666667,11.6,10.77272727,11.87234043,0.29787234,10,14
Gabriel Bortoleto,Circuit Park Zandvoort,4.259,14,0,1,Sauber,12,10,11.6,8.333333333,7.6,10,14.66666667,0.166666667,10,15
Kimi Antonelli,Circuit Park Zandvoort,4.259,14,0,1,Mercedes,11,10,13.2,6,4.6,10,11.81818182,0.363636364,4,16
Pierre Gasly,Circuit Park Zandvoort,4.259,14,0,0,Alpine F1 Team,14,12.66666667,12.2,17.66666667,16.2,13.5,11.81944444,0.402777778,6,17
Lando Norris,Circuit Park Zandvoort,4.259,14,0,0,McLaren,2,1,4.6,2,2.2,3.909090909,7.563492063,0.246031746,1,18
Charles Leclerc,Circuit Park Zandvoort,4.259,14,0,0,Ferrari,7,7,5.8,6.666666667,6.4,4.818181818,7.909722222,0.284722222,2,19
Lewis Hamilton,Circuit Park Zandvoort,4.259,14,0,0,Ferrari,6,6.666666667,6.4,7,5.8,6.954545455,4.654929577,0.056338028,2,20
Max Verstappen,Autodromo Nazionale di Monza,5.793,11,0,0,Red Bull,1,5.333333333,7.2,13,12.8,3.5,4.413793103,0.117241379,3,1
Lando Norris,Autodromo Nazionale di Monza,5.793,11,0,0,McLaren,2,6.666666667,7.8,1.666666667,2.2,3.909090909,7.519685039,0.244094488,1,2
Oscar Piastri,Autodromo Nazionale di Monza,5.793,11,0,0,McLaren,3,1.666666667,2.2,6.666666667,7.8,5.454545455,6.685185185,0.037037037,1,3
Charles Leclerc,Autodromo Nazionale di Monza,5.793,11,0,0,Ferrari,4,12.33333333,9,12,9.2,4.818181818,7.882758621,0.282758621,2,4
George Russell,Autodromo Nazionale di Monza,5.793,11,0,0,Mercedes,6,5.666666667,4.6,14,12.8,6.363636364,9.968503937,0.409448819,4,5
Lewis Hamilton,Autodromo Nazionale di Monza,5.793,11,0,0,Ferrari,5,12,9.2,12.33333333,9,6.954545455,4.664335664,0.055944056,2,6
Alexander Albon,Autodromo Nazionale di Monza,5.793,11,0,0,Williams,14,9.333333333,13,13,13.8,15.13636364,11.76635514,0.317757009,9,7
Gabriel Bortoleto,Autodromo Nazionale di Monza,5.793,11,0,1,Sauber,8,10,12.2,10,9.4,10,14.15384615,0.153846154,10,8
Kimi Antonelli,Autodromo Nazionale di Monza,5.793,11,0,1,Mercedes,7,10,12.8,5.666666667,4.6,10,11.58333333,0.333333333,4,9
Isack Hadjar,Autodromo Nazionale di Monza,5.793,11,0,1,RB F1 Team,16,10,11.8,13.66666667,13.8,10,11.30769231,0.153846154,8,10
Carlos Sainz,Autodromo Nazionale di Monza,5.793,11,0,0,Williams,13,13,13.8,9.333333333,13,5.761904762,8.388888889,0.305555556,9,11
Oliver Bearman,Autodromo Nazionale di Monza,5.793,11,0,0,Haas F1 Team,11,12.33333333,11.8,13,11.6,9.666666667,11.8125,0.0625,7,12
Liam Lawson,Autodromo Nazionale di Monza,5.793,11,0,0,Red Bull,20,13,12.8,5.333333333,7.2,13.4,13,0.181818182,3,14
Esteban Ocon,Autodromo Nazionale di Monza,5.793,11,0,0,Haas F1 Team,15,13,11.6,12.33333333,11.8,13.47619048,11.52,0.352,7,15
Pierre Gasly,Autodromo Nazionale di Monza,5.793,11,0,0,Alpine F1 Team,19,14,14,16.33333333,15.4,13.5,11.84827586,0.4,6,16
Franco Colapinto,Autodromo Nazionale di Monza,5.793,11,0,0,Alpine F1 Team,18,16.33333333,15.4,14,14,12.875,14.25,0.1875,6,17
Lance Stroll,Autodromo Nazionale di Monza,5.793,11,0,0,Aston Martin,17,7,10.4,7.333333333,7.2,13.04545455,12.0625,0.416666667,5,18
Fernando Alonso,Autodromo Nazionale di Monza,5.793,11,0,0,Aston Martin,9,7.333333333,7.2,7,10.4,10.77272727,10.51351351,0.369369369,5,19
Nico Hulkenberg,Autodromo Nazionale di Monza,5.793,11,0,0,Sauber,12,10,9.4,13,12.2,10.77272727,11.95789474,0.305263158,10,20
Max Verstappen,Baku City Circuit,6.003,20,1,0,Red Bull,1,4,7,11.33333333,11.8,3.5,4.390410959,0.116438356,3,1
George Russell,Baku City Circuit,6.003,20,1,0,Mercedes,4,4,5.4,11.66666667,14,6.363636364,9.90625,0.40625,4,2
Carlos Sainz,Baku City Circuit,6.003,20,1,0,Williams,8,12.66666667,14,9,10.4,5.761904762,8.351724138,0.303448276,9,3
Kimi Antonelli,Baku City Circuit,6.003,20,1,1,Mercedes,6,10,14,4,5.4,10,11,0.307692308,4,4
Liam Lawson,Baku City Circuit,6.003,20,1,0,Red Bull,7,11.33333333,11.8,4,7,13.4,12.65217391,0.173913043,3,5
Lando Norris,Baku City Circuit,6.003,20,1,0,McLaren,2,7,4.6,2,2,3.909090909,7.515625,0.2421875,1,7
Lewis Hamilton,Baku City Circuit,6.003,20,1,0,Ferrari,11,12.66666667,9.2,9,8.8,6.954545455,4.6875,0.055555556,2,8
Charles Leclerc,Baku City Circuit,6.003,20,1,0,Ferrari,5,9,8.8,12.66666667,9.2,4.818181818,7.890410959,0.280821918,2,9
Isack Hadjar,Baku City Circuit,6.003,20,1,1,RB F1 Team,9,10,10.6,13,14,10,11.21428571,0.142857143,8,10
Gabriel Bortoleto,Baku City Circuit,6.003,20,1,1,Sauber,14,10,11,15.66666667,11.8,10,13.92857143,0.142857143,10,11
Oliver Bearman,Baku City Circuit,6.003,20,1,0,Haas F1 Team,15,12.66666667,12,13.66666667,12.8,9.666666667,11.82352941,0.058823529,7,12
Alexander Albon,Baku City Circuit,6.003,20,1,0,Williams,20,9,10.4,12.66666667,14,15.13636364,11.77777778,0.314814815,9,13
Esteban Ocon,Baku City Circuit,6.003,20,1,0,Haas F1 Team,18,13.66666667,12.8,12.66666667,12,13.47619048,11.53968254,0.349206349,7,14
Fernando Alonso,Baku City Circuit,6.003,20,1,0,Aston Martin,12,10.66666667,9.6,10.66666667,10.6,10.77272727,10.55357143,0.366071429,5,15
Nico Hulkenberg,Baku City Circuit,6.003,20,1,0,Sauber,17,15.66666667,11.8,9.666666667,11,10.77272727,12,0.302083333,10,16
Lance Stroll,Baku City Circuit,6.003,20,1,0,Aston Martin,13,10.66666667,10.6,10.66666667,9.6,13.04545455,12.09655172,0.413793103,5,17
Pierre Gasly,Baku City Circuit,6.003,20,1,0,Alpine F1 Team,19,17.33333333,14.2,15.33333333,16.2,13.5,11.89041096,0.397260274,6,18
Franco Colapinto,Baku City Circuit,6.003,20,1,0,Alpine F1 Team,16,15.33333333,16.2,17.33333333,14.2,12.875,14.52941176,0.176470588,6,19
Oscar Piastri,Baku City Circuit,6.003,20,1,0,McLaren,3,2,2,7,4.6,5.454545455,6.927272727,0.054545455,1,20
George Russell,Marina Bay Street Circuit,4.94,19,1,0,Mercedes,1,3.666666667,4.8,9.666666667,11,6.363636364,9.837209302,0.403100775,4,1
Max Verstappen,Marina Bay Street Circuit,4.94,19,1,0,Red Bull,2,1.333333333,3.6,10.33333333,11.6,3.5,4.37414966,0.115646259,3,2
Lando Norris,Marina Bay Street Circuit,4.94,19,1,0,McLaren,5,9,5.8,8,5.6,3.909090909,7.480620155,0.240310078,1,3
Oscar Piastri,Marina Bay Street Circuit,4.94,19,1,0,McLaren,3,8,5.6,9,5.8,5.454545455,6.875,0.053571429,1,4
Kimi Antonelli,Marina Bay Street Circuit,4.94,19,1,1,Mercedes,4,10,11,3.666666667,4.8,10,10.57142857,0.285714286,4,5
Charles Leclerc,Marina Bay Street Circuit,4.94,19,1,0,Ferrari,7,10.66666667,10,11.33333333,10,4.818181818,7.87755102,0.278911565,2,6
Fernando Alonso,Marina Bay Street Circuit,4.94,19,1,0,Aston Martin,10,14,11.2,14,11.2,10.77272727,10.52212389,0.362831858,5,7
Lewis Hamilton,Marina Bay Street Circuit,4.94,19,1,0,Ferrari,6,11.33333333,10,10.66666667,10,6.954545455,4.710344828,0.055172414,2,8
Oliver Bearman,Marina Bay Street Circuit,4.94,19,1,0,Haas F1 Team,9,10,12.2,13,13.6,9.666666667,11.66666667,0.055555556,7,9
Carlos Sainz,Marina Bay Street Circuit,4.94,19,1,0,Williams,13,9,10.6,8.333333333,9.6,5.761904762,8.363013699,0.301369863,9,10
Isack Hadjar,Marina Bay Street Circuit,4.94,19,1,1,RB F1 Team,8,10,10.2,9.333333333,12,10,11.2,0.133333333,8,11
Lance Stroll,Marina Bay Street Circuit,4.94,19,1,0,Aston Martin,17,14,11.2,14,11.2,13.04545455,12.10273973,0.410958904,5,13
Alexander Albon,Marina Bay Street Circuit,4.94,19,1,0,Williams,12,8.333333333,9.6,9,10.6,15.13636364,11.79816514,0.311926606,9,14
Liam Lawson,Marina Bay Street Circuit,4.94,19,1,0,Red Bull,14,10.33333333,11.6,1.333333333,3.6,13.4,12.75,0.166666667,3,15
Franco Colapinto,Marina Bay Street Circuit,4.94,19,1,0,Alpine F1 Team,18,15.66666667,17,17,15.2,12.875,14.61111111,0.166666667,6,16
Gabriel Bortoleto,Marina Bay Street Circuit,4.94,19,1,1,Sauber,16,10,11.6,16.66666667,13.2,10,14.13333333,0.133333333,10,17
Esteban Ocon,Marina Bay Street Circuit,4.94,19,1,0,Haas F1 Team,19,13,13.6,10,12.2,13.47619048,11.59055118,0.346456693,7,18
Pierre Gasly,Marina Bay Street Circuit,4.94,19,1,0,Alpine F1 Team,20,17,15.2,15.66666667,17,13.5,11.93877551,0.394557823,6,19
Nico Hulkenberg,Marina Bay Street Circuit,4.94,19,1,0,Sauber,11,16.66666667,13.2,11.33333333,11.6,10.77272727,12.08247423,0.298969072,10,20
Max Verstappen,Circuit of the Americas,5.513,20,0,0,Red Bull,1,1.333333333,3,11.33333333,10.8,3.5,4.351351351,0.114864865,3,1
Lando Norris,Circuit of the Americas,5.513,20,0,0,McLaren,2,4,6.2,9,6,3.909090909,7.438461538,0.238461538,1,2
Charles Leclerc,Circuit of the Americas,5.513,20,0,0,Ferrari,3,6.333333333,8.4,7.333333333,10.8,4.818181818,7.844594595,0.277027027,2,3
Lewis Hamilton,Circuit of the Americas,5.513,20,0,0,Ferrari,5,7.333333333,10.8,6.333333333,8.4,6.954545455,4.705479452,0.054794521,2,4
Oscar Piastri,Circuit of the Americas,5.513,20,0,0,McLaren,7,9,6,4,6.2,5.454545455,6.842105263,0.052631579,1,5
George Russell,Circuit of the Americas,5.513,20,0,0,Mercedes,4,2.666666667,3,6,8.8,6.363636364,9.807692308,0.4,4,6
Nico Hulkenberg,Circuit of the Americas,5.513,20,0,0,Sauber,11,18.66666667,16.6,12,11.4,10.77272727,12.04081633,0.295918367,10,8
Oliver Bearman,Circuit of the Americas,5.513,20,0,0,Haas F1 Team,9,11,11.8,15.66666667,14.6,9.666666667,11.52631579,0.052631579,7,9
Fernando Alonso,Circuit of the Americas,5.513,20,0,0,Aston Martin,10,13.66666667,10.8,16,12.4,10.77272727,10.51754386,0.359649123,5,10
Liam Lawson,Circuit of the Americas,5.513,20,0,0,Red Bull,12,11.33333333,10.8,1.333333333,3,13.4,12.68,0.16,3,11
Lance Stroll,Circuit of the Americas,5.513,20,0,0,Aston Martin,16,16,12.4,13.66666667,10.8,13.04545455,12.10204082,0.408163265,5,12
Kimi Antonelli,Circuit of the Americas,5.513,20,0,1,Mercedes,6,10,8.8,2.666666667,3,10,10.73333333,0.266666667,4,13
Alexander Albon,Circuit of the Americas,5.513,20,0,0,Williams,15,11.33333333,10.8,8,10.2,15.13636364,11.81818182,0.309090909,9,14
Esteban Ocon,Circuit of the Americas,5.513,20,0,0,Haas F1 Team,19,15.66666667,14.6,11,11.8,13.47619048,11.6171875,0.34375,7,15
Isack Hadjar,Circuit of the Americas,5.513,20,0,1,RB F1 Team,20,10,9,10.33333333,11.4,10,11.5,0.125,8,16
Franco Colapinto,Circuit of the Americas,5.513,20,0,0,Alpine F1 Team,17,17.33333333,16.2,17.66666667,17.8,12.875,14.73684211,0.157894737,6,17
Gabriel Bortoleto,Circuit of the Americas,5.513,20,0,1,Sauber,18,10,11.4,18.66666667,16.6,10,14.375,0.125,10,18
Pierre Gasly,Circuit of the Americas,5.513,20,0,0,Alpine F1 Team,14,17.66666667,17.8,17.33333333,16.2,13.5,11.98648649,0.391891892,6,19
Carlos Sainz,Circuit of the Americas,5.513,20,0,0,Williams,8,8,10.2,11.33333333,10.8,5.761904762,8.442176871,0.306122449,9,20
Lando Norris,Autodromo Hermanos Rodriguez,4.304,17,0,0,McLaren,1,4,6.4,9.666666667,6.6,3.909090909,7.389312977,0.236641221,1,1
Charles Leclerc,Autodromo Hermanos Rodriguez,4.304,17,0,0,Ferrari,2,6,8.2,6.666666667,9.2,4.818181818,7.805369128,0.275167785,2,2
Max Verstappen,Autodromo Hermanos Rodriguez,4.304,17,0,0,Red Bull,5,1.333333333,1.4,10.33333333,11.4,3.5,4.342281879,0.11409396,3,3
Oliver Bearman,Autodromo Hermanos Rodriguez,4.304,17,0,0,Haas F1 Team,10,10,9.6,15.66666667,14.4,9.666666667,11.15,0.05,7,4
Oscar Piastri,Autodromo Hermanos Rodriguez,4.304,17,0,0,McLaren,8,9.666666667,6.6,4,6.4,5.454545455,6.810344828,0.051724138,1,5
Kimi Antonelli,Autodromo Hermanos Rodriguez,4.304,17,0,1,Mercedes,6,10,9.4,3,3.6,10,10.4375,0.25,4,6
George Russell,Autodromo Hermanos Rodriguez,4.304,17,0,0,Mercedes,4,3,3.6,7.333333333,9.4,6.363636364,9.786259542,0.396946565,4,7
Lewis Hamilton,Autodromo Hermanos Rodriguez,4.304,17,0,0,Ferrari,3,6.666666667,9.2,6,8.2,6.954545455,4.727891156,0.054421769,2,8
Esteban Ocon,Autodromo Hermanos Rodriguez,4.304,17,0,0,Haas F1 Team,12,15.66666667,14.4,10,9.6,13.47619048,11.59689922,0.341085271,7,9
Gabriel Bortoleto,Autodromo Hermanos Rodriguez,4.304,17,0,1,Sauber,16,10,13.8,14.66666667,15.6,10,14.11764706,0.117647059,10,10
Alexander Albon,Autodromo Hermanos Rodriguez,4.304,17,0,0,Williams,17,13.66666667,10.6,11,11.4,15.13636364,11.81981982,0.306306306,9,12
Isack Hadjar,Autodromo Hermanos Rodriguez,4.304,17,0,1,RB F1 Team,9,10,10,8.333333333,9.4,10,11.58823529,0.117647059,8,13
Lance Stroll,Autodromo Hermanos Rodriguez,4.304,17,0,0,Aston Martin,19,14,13.4,10.66666667,11.8,13.04545455,12.11486486,0.405405405,5,14
Pierre Gasly,Autodromo Hermanos Rodriguez,4.304,17,0,0,Alpine F1 Team,18,18.66666667,17.8,17.33333333,16,13.5,12.00671141,0.389261745,6,15
Franco Colapinto,Autodromo Hermanos Rodriguez,4.304,17,0,0,Alpine F1 Team,20,17.33333333,16,18.66666667,17.8,12.875,14.8,0.15,6,16
Carlos Sainz,Autodromo Hermanos Rodriguez,4.304,17,0,0,Williams,7,11,11.4,13.66666667,10.6,5.761904762,8.5,0.310810811,9,17
Fernando Alonso,Autodromo Hermanos Rodriguez,4.304,17,0,0,Aston Martin,15,10.66666667,11.8,14,13.4,10.77272727,10.5826087,0.365217391,5,18
Nico Hulkenberg,Autodromo Hermanos Rodriguez,4.304,17,0,0,Sauber,14,14.66666667,15.6,15.33333333,13.8,10.77272727,12.11111111,0.303030303,10,19
Liam Lawson,Autodromo Hermanos Rodriguez,4.304,17,0,0,Red Bull,13,10.33333333,11.4,1.333333333,1.4,13.4,12.96153846,0.192307692,3,20
Lando Norris,Autodromo Jose Carlos Pace,4.309,15,0,0,McLaren,1,2,3,4.666666667,7.4,3.909090909,7.340909091,0.234848485,1,1
Kimi Antonelli,Autodromo Jose Carlos Pace,4.309,15,0,1,Mercedes,2,10,7.4,4.666666667,4.2,10,9.941176471,0.235294118,4,2
Max Verstappen,Autodromo Jose Carlos Pace,4.309,15,0,0,Red Bull,16,2,1.6,15.33333333,13,3.5,4.333333333,0.113333333,3,3
George Russell,Autodromo Jose Carlos Pace,4.309,15,0,0,Mercedes,7,4.666666667,4.2,8,7.4,6.363636364,9.742424242,0.393939394,4,4
Oscar Piastri,Autodromo Jose Carlos Pace,4.309,15,0,0,McLaren,5,4.666666667,7.4,2,3,5.454545455,6.779661017,0.050847458,1,5
Oliver Bearman,Autodromo Jose Carlos Pace,4.309,15,0,0,Haas F1 Team,3,7.333333333,9.2,14,14.2,9.666666667,10.9047619,0.047619048,7,6
Liam Lawson,Autodromo Jose Carlos Pace,4.309,15,0,0,Red Bull,9,15.33333333,13,2,1.6,13.4,12.74074074,0.185185185,3,7
Isack Hadjar,Autodromo Jose Carlos Pace,4.309,15,0,1,RB F1 Team,8,10,12,10,9.8,10,11.38888889,0.111111111,8,8
Nico Hulkenberg,Autodromo Jose Carlos Pace,4.309,15,0,0,Sauber,10,15.66666667,16.6,15,12.8,10.77272727,12.08,0.3,10,9
Pierre Gasly,Autodromo Jose Carlos Pace,4.309,15,0,0,Alpine F1 Team,6,17.66666667,17.4,16.33333333,17,13.5,11.99333333,0.386666667,6,10
Alexander Albon,Autodromo Jose Carlos Pace,4.309,15,0,0,Williams,14,13.33333333,12,15.66666667,12.2,15.13636364,11.8125,0.303571429,9,11
Esteban Ocon,Autodromo Jose Carlos Pace,4.309,15,0,0,Haas F1 Team,17,14,14.2,7.333333333,9.2,13.47619048,11.6,0.338461538,7,12
Carlos Sainz,Autodromo Jose Carlos Pace,4.309,15,0,0,Williams,15,15.66666667,12.2,13.33333333,12,5.761904762,8.530201342,0.308724832,9,13
Fernando Alonso,Autodromo Jose Carlos Pace,4.309,15,0,0,Aston Martin,11,11.66666667,13.8,13,14.8,10.77272727,10.61206897,0.362068966,5,14
Franco Colapinto,Autodromo Jose Carlos Pace,4.309,15,0,0,Alpine F1 Team,18,16.33333333,17,17.66666667,17.4,12.875,14.80952381,0.142857143,6,15
Lance Stroll,Autodromo Jose Carlos Pace,4.309,15,0,0,Aston Martin,13,13,14.8,11.66666667,13.8,13.04545455,12.1409396,0.402684564,5,16
Lewis Hamilton,Autodromo Jose Carlos Pace,4.309,15,0,0,Ferrari,12,6.666666667,6.8,3.666666667,4.8,6.954545455,4.817567568,0.060810811,2,18
Charles Leclerc,Autodromo Jose Carlos Pace,4.309,15,0,0,Ferrari,4,3.666666667,4.8,6.666666667,6.8,4.818181818,7.88,0.28,2,19
Gabriel Bortoleto,Autodromo Jose Carlos Pace,4.309,15,0,1,Sauber,4,10,12.8,15.66666667,16.6,10,14.44444444,0.166666667,10,20
Max Verstappen,Las Vegas Strip Street Circuit,6.201,17,1,0,Red Bull,2,2.333333333,2,12.66666667,11.6,3.5,4.311258278,0.112582781,3,1
George Russell,Las Vegas Strip Street Circuit,6.201,17,1,0,Mercedes,4,5.666666667,4,7,6,6.363636364,9.684210526,0.390977444,4,2
Kimi Antonelli,Las Vegas Strip Street Circuit,6.201,17,1,1,Mercedes,17,10,6,5.666666667,4,10,9.555555556,0.222222222,4,3
Charles Leclerc,Las Vegas Strip Street Circuit,6.201,17,1,0,Ferrari,9,8,7.8,10,9.2,4.818181818,7.854304636,0.278145695,2,4
Carlos Sainz,Las Vegas Strip Street Circuit,6.201,17,1,0,Williams,3,16.66666667,12.6,12.33333333,12.8,5.761904762,8.506666667,0.306666667,9,5
Isack Hadjar,Las Vegas Strip Street Circuit,6.201,17,1,1,RB F1 Team,8,10,11.6,11.66666667,10.6,10,11.10526316,0.105263158,8,6
Nico Hulkenberg,Las Vegas Strip Street Circuit,6.201,17,1,0,Sauber,11,12,14.4,16,15.2,10.77272727,12.02970297,0.297029703,10,7
Lewis Hamilton,Las Vegas Strip Street Circuit,6.201,17,1,0,Ferrari,20,10,9.2,8,7.8,6.954545455,4.838926174,0.060402685,2,8
Esteban Ocon,Las Vegas Strip Street Circuit,6.201,17,1,0,Haas F1 Team,13,12,13.6,6.333333333,8,13.47619048,11.58015267,0.335877863,7,9
Oliver Bearman,Las Vegas Strip Street Circuit,6.201,17,1,0,Haas F1 Team,14,6.333333333,8,12,13.6,9.666666667,10.86363636,0.045454545,7,10
Fernando Alonso,Las Vegas Strip Street Circuit,6.201,17,1,0,Aston Martin,7,14,12.8,14,14.4,10.77272727,10.61538462,0.358974359,5,11
Pierre Gasly,Las Vegas Strip Street Circuit,6.201,17,1,0,Alpine F1 Team,10,14.66666667,16.2,16,16.6,13.5,12,0.38410596,6,13
Liam Lawson,Las Vegas Strip Street Circuit,6.201,17,1,0,Red Bull,6,12.66666667,11.6,2.333333333,2,13.4,12.78571429,0.178571429,3,14
Franco Colapinto,Las Vegas Strip Street Circuit,6.201,17,1,0,Alpine F1 Team,15,16,16.6,14.66666667,16.2,12.875,14.81818182,0.136363636,6,15
Alexander Albon,Las Vegas Strip Street Circuit,6.201,17,1,0,Williams,16,12.33333333,12.8,16.66666667,12.6,15.13636364,11.84955752,0.309734513,9,16
Gabriel Bortoleto,Las Vegas Strip Street Circuit,6.201,17,1,1,Sauber,18,10,15.2,12,14.4,10,14.57894737,0.210526316,10,17
Lance Stroll,Las Vegas Strip Street Circuit,6.201,17,1,0,Aston Martin,12,14,14.4,14,12.8,13.04545455,12.18,0.406666667,5,18
Lando Norris,Las Vegas Strip Street Circuit,6.201,17,1,0,McLaren,1,1.333333333,2.8,5,7.8,3.909090909,7.428571429,0.240601504,1,19
Oscar Piastri,Las Vegas Strip Street Circuit,6.201,17,1,0,McLaren,5,5,7.8,1.333333333,2.8,5.454545455,7,0.066666667,1,20
Max Verstappen,Yas Marina Circuit,5.281,16,0,0,Red Bull,1,2.333333333,2,13.66666667,13.4,3.5,4.289473684,0.111842105,3,1
Oscar Piastri,Yas Marina Circuit,5.281,16,0,0,McLaren,3,10,7.8,7,5.2,5.454545455,6.918032787,0.06557377,1,2
Lando Norris,Yas Marina Circuit,5.281,16,0,0,McLaren,2,7,5.2,10,7.8,3.909090909,7.395522388,0.23880597,1,3
Charles Leclerc,Yas Marina Circuit,5.281,16,0,0,Ferrari,5,8.333333333,6.8,11.33333333,9.2,4.818181818,7.828947368,0.276315789,2,4
George Russell,Yas Marina Circuit,5.281,16,0,0,Mercedes,4,4.333333333,4,3.666666667,5.8,6.363636364,9.649253731,0.388059701,4,5
Fernando Alonso,Yas Marina Circuit,5.281,16,0,0,Aston Martin,6,14.33333333,12,16,14.6,10.77272727,10.57627119,0.355932203,5,6
Esteban Ocon,Yas Marina Circuit,5.281,16,0,0,Haas F1 Team,9,10,12.6,6.666666667,7.6,13.47619048,11.54545455,0.333333333,7,7
Lewis Hamilton,Yas Marina Circuit,5.281,16,0,0,Ferrari,16,11.33333333,9.2,8.333333333,6.8,6.954545455,4.86,0.06,2,8
Nico Hulkenberg,Yas Marina Circuit,5.281,16,0,0,Sauber,18,11.66666667,12.6,15.66666667,16.4,10.77272727,12,0.294117647,10,9
Lance Stroll,Yas Marina Circuit,5.281,16,0,0,Aston Martin,15,16,14.6,14.33333333,12,13.04545455,12.16556291,0.40397351,5,10
Gabriel Bortoleto,Yas Marina Circuit,5.281,16,0,1,Sauber,7,10,16.4,11.66666667,12.6,10,14.4,0.2,10,11
Oliver Bearman,Yas Marina Circuit,5.281,16,0,0,Haas F1 Team,12,6.666666667,7.6,10,12.6,9.666666667,10.91304348,0.043478261,7,12
Carlos Sainz,Yas Marina Circuit,5.281,16,0,0,Williams,13,11.66666667,13,13,13.4,5.761904762,8.536423841,0.304635762,9,13
Kimi Antonelli,Yas Marina Circuit,5.281,16,0,1,Mercedes,8,10,5.8,4.333333333,4,10,9.842105263,0.210526316,4,15
Alexander Albon,Yas Marina Circuit,5.281,16,0,0,Williams,17,13,13.4,11.66666667,13,15.13636364,11.88596491,0.307017544,9,16
Isack Hadjar,Yas Marina Circuit,5.281,16,0,1,RB F1 Team,10,10,10.8,13.33333333,11.8,10,11.4,0.1,8,17
Liam Lawson,Yas Marina Circuit,5.281,16,0,0,Red Bull,14,13.66666667,13.4,2.333333333,2,13.4,12.96551724,0.172413793,3,18
Pierre Gasly,Yas Marina Circuit,5.281,16,0,0,Alpine F1 Team,19,12.66666667,15.2,15.33333333,15.8,13.5,12.04605263,0.381578947,6,19
Franco Colapinto,Yas Marina Circuit,5.281,16,0,0,Alpine F1 Team,20,15.33333333,15.8,12.66666667,15.2,12.875,15.04347826,0.130434783,6,20
George Russell,Albert Park Grand Prix Circuit,5.278,14,1,0,Mercedes,1,3.666666667,4.8,6.666666667,7.8,4.2,9.585185185,0.385185185,2,1
Kimi Antonelli,Albert Park Grand Prix Circuit,5.278,14,1,0,Mercedes,2,6.666666667,7.8,3.666666667,4.8,9.842105263,9.45,0.2,2,2
Charles Leclerc,Albert Park Grand Prix Circuit,5.278,14,1,0,Ferrari,4,9,6.4,11.33333333,9.2,7.1,7.797385621,0.274509804,4,3
Lewis Hamilton,Albert Park Grand Prix Circuit,5.278,14,1,0,Ferrari,7,11.33333333,9.2,9,6.4,8.6,4.854304636,0.059602649,4,4
Lando Norris,Albert Park Grand Prix Circuit,5.278,14,1,0,McLaren,6,7.666666667,5.2,9,7.4,4.65,7.377777778,0.237037037,1,5
Max Verstappen,Albert Park Grand Prix Circuit,5.278,14,1,0,Red Bull,20,1.666666667,1.8,9,7.4,3.75,4.300653595,0.111111111,3,6
Oliver Bearman,Albert Park Grand Prix Circuit,5.278,14,1,0,Haas F1 Team,12,9.333333333,8.2,9.333333333,10.4,11.1,10.75,0.041666667,8,7
Arvid Lindblad,Albert Park Grand Prix Circuit,5.278,14,1,1,RB,8,10,10,9.333333333,10.4,10,8,0,10,8
Gabriel Bortoleto,Albert Park Grand Prix Circuit,5.278,14,1,0,Kick Sauber,10,16,15.2,8.333333333,10.4,14.4,14.14285714,0.19047619,10,9
Pierre Gasly,Albert Park Grand Prix Circuit,5.278,14,1,0,Unknown,14,14,15.2,8.333333333,10.4,14.55,12.03267974,0.379084967,10,10
Esteban Ocon,Albert Park Grand Prix Circuit,5.278,14,1,0,Haas F1 Team,13,9.333333333,10.4,9.333333333,8.2,12.55,11.54135338,0.330827068,8,11
Alexander Albon,Albert Park Grand Prix Circuit,5.278,14,1,0,Williams,15,14.33333333,13.8,10.33333333,13.6,11.7,11.88695652,0.304347826,5,12
Liam Lawson,Albert Park Grand Prix Circuit,5.278,14,1,0,Racing Bulls,9,13,14,10.33333333,13.6,13.25,12.96666667,0.166666667,10,13
Franco Colapinto,Albert Park Grand Prix Circuit,5.278,14,1,0,Alpine,16,16.66666667,16.6,10.33333333,13.6,16.2,15,0.125,10,14
Carlos Sainz,Albert Park Grand Prix Circuit,5.278,14,1,0,Williams,16,10.33333333,13.6,14.33333333,13.8,12.6,8.578947368,0.302631579,5,15
Sergio Perez,Albert Park Grand Prix Circuit,5.278,14,1,1,Cadillac,18,10,10,10,10,10,7.93129771,0.282442748,10,16
Lance Stroll,Albert Park Grand Prix Circuit,5.278,14,1,0,Aston Martin,18,14.66666667,14,10.33333333,11.8,13.31578947,12.19736842,0.401315789,7,17
Fernando Alonso,Albert Park Grand Prix Circuit,5.278,14,1,0,Aston Martin,17,10.33333333,11.8,14.66666667,14,11.35,10.63865546,0.352941176,7,18
Valtteri Bottas,Albert Park Grand Prix Circuit,5.278,14,1,1,Cadillac,19,10,10,10,10,10,9.413533835,0.195488722,10,19
Isack Hadjar,Albert Park Grand Prix Circuit,5.278,14,1,0,RB F1 Team,3,10.33333333,12,10,10,11.4,11.80952381,0.095238095,6,20
Oscar Piastri,Albert Park Grand Prix Circuit,5.278,14,1,0,McLaren,5,9,7.4,7.666666667,5.2,4.7,7.14516129,0.064516129,1,21
Kimi Antonelli,Shanghai International Circuit,5.451,16,0,0,Mercedes,1,6.666666666666667,5.6,2.6666666666666665,3.8,9.842105263157896,9.047619047619047,0.19047619047619047,2,1
George Russell,Shanghai International Circuit,5.451,16,0,0,Mercedes,2,2.6666666666666665,3.8,6.666666666666667,5.6,4.2,9.529411764705882,0.38235294117647056,2,2
Lewis Hamilton,Shanghai International Circuit,5.451,16,0,0,Ferrari,3,6.666666666666667,9.2,3.6666666666666665,6.4,8.6,4.842105263157895,0.05921052631578947,4,3
Charles Leclerc,Shanghai International Circuit,5.451,16,0,0,Ferrari,4,3.6666666666666665,6.4,6.666666666666667,9.2,7.1,7.7727272727272725,0.2727272727272727,4,4
Oliver Bearman,Shanghai International Circuit,5.451,16,0,0,Haas F1 Team,10,9.666666666666666,7.8,9.0,9.6,11.1,10.52,0.04,8,5
Pierre Gasly,Shanghai International Circuit,5.451,16,0,0,Alpine,7,14.0,13.4,16.333333333333332,16.0,14.55,11.993506493506494,0.37662337662337664,10,6
Liam Lawson,Shanghai International Circuit,5.451,16,0,0,Racing Bulls,15,15.0,14.4,8.0,8.0,13.25,12.774193548387096,0.16129032258064516,10,7
Isack Hadjar,Shanghai International Circuit,5.451,16,0,0,RB F1 Team,9,14.333333333333334,12.8,8.0,8.0,11.4,11.636363636363637,0.09090909090909091,6,8
Carlos Sainz,Shanghai International Circuit,5.451,16,0,0,Williams,17,11.0,12.6,14.666666666666666,13.4,12.6,8.581699346405228,0.3006535947712418,5,9
Franco Colapinto,Shanghai International Circuit,5.451,16,0,0,Alpine,12,16.333333333333332,16.0,14.0,13.4,16.2,14.8,0.12,10,10
Nico Hulkenberg,Shanghai International Circuit,5.451,16,0,0,Audi,11,12.666666666666666,13.2,14.0,13.4,12.25,12.086538461538462,0.28846153846153844,10,11
Arvid Lindblad,Shanghai International Circuit,5.451,16,0,1,Racing Bulls,16,10.0,8.0,15.0,14.4,10.0,10.0,0.0,10,12
Valtteri Bottas,Shanghai International Circuit,5.451,16,0,1,Cadillac,20,10.0,19.0,16.0,16.0,10.0,9.440298507462687,0.19402985074626866,10,13
Esteban Ocon,Shanghai International Circuit,5.451,16,0,0,Haas F1 Team,13,9.0,9.6,9.666666666666666,7.8,12.55,11.559701492537313,0.3283582089552239,8,14
Sergio Perez,Shanghai International Circuit,5.451,16,0,1,Cadillac,22,10.0,16.0,9.666666666666666,7.8,10.0,7.984848484848484,0.2803030303030303,10,15
Max Verstappen,Shanghai International Circuit,5.451,16,0,0,Red Bull,8,2.6666666666666665,2.8,9.666666666666666,7.8,3.75,4.376623376623376,0.11038961038961038,3,16
Fernando Alonso,Shanghai International Circuit,5.451,16,0,0,Aston Martin,19,11.666666666666666,13.4,15.0,15.0,11.35,10.691666666666666,0.35,7,17
Lance Stroll,Shanghai International Circuit,5.451,16,0,0,Aston Martin,21,15.0,15.0,11.666666666666666,13.4,13.31578947368421,12.235294117647058,0.39869281045751637,7,18
Oscar Piastri,Shanghai International Circuit,5.451,16,0,0,McLaren,5,14.333333333333334,10.6,9.0,5.8,4.7,7.333333333333333,0.06349206349206349,1,19
Lando Norris,Shanghai International Circuit,5.451,16,0,0,McLaren,6,9.0,5.8,14.333333333333334,10.6,4.65,7.470588235294118,0.23529411764705882,1,20
Gabriel Bortoleto,Shanghai International Circuit,5.451,16,0,0,Audi,14,12.333333333333334,13.4,12.666666666666666,13.2,14.4,14.454545454545455,0.18181818181818182,10,21
Alexander Albon,Shanghai International Circuit,5.451,16,0,0,Williams,18,14.666666666666666,13.4,11.0,12.6,11.7,11.974137931034482,0.3017241379310345,5,22
